"","American Pipit","American Robin","American Tree Sparrow","Black-capped Chickadee","Blackpoll Warbler","Bohemian Waxwing","Boreal Chickadee","Brewer's Sparrow","Chipping Sparrow","Common Loon","Common Raven","Common Redpoll","Common Yellowthroat","Dark-eyed Junco","Dusky Flycatcher","Fox Sparrow","Golden-crowned Kinglet","Golden-crowned Sparrow","Gray-cheeked Thrush","Gray-crowned Rosy-Finch","Gray Jay","Hermit Thrush","Horned Lark","Lapland Longspur","Lesser Yellowlegs","Lincoln's Sparrow","MacGillivray's Warbler","Mew Gull","Mountain Chickadee","Northern Waterthrush","Olive-sided Flycatcher","Orange-crowned Warbler","Pacific-slope Flycatcher","Pacific Wren","Pine Grosbeak","Pine Siskin","Rock Ptarmigan","Ruby-crowned Kinglet","Savannah Sparrow","Say's Phoebe","Sooty Grouse","Spruce Grouse","Swainson's Thrush","Tennessee Warbler","Townsend's Solitaire","Townsend's Warbler","Varied Thrush","White-crowned Sparrow","White-tailed Ptarmigan","White-winged Crossbill","Willow Ptarmigan","Wilson's Snipe","Wilson's Warbler","Yellow-bellied Flycatcher","Yellow-rumped Warbler","Yellow Warbler","location","site","zone","stat_num","Site_Zone"
"CANOL_A2_6/30/2019_04:00:00_ARU",0,1,1,0,0,0,0,0,2,0,0,0,0,2,0,0,0,4,0,0,0,0,0,0,0,0,0,0,0,0,0,0,0,1,0,0,0,0,0,0,0,0,0,0,0,0,0,0,0,0,0,0,0,0,1,0,"CANOL_A2","CANOL","A",2,"CANOL_A"
"CANOL_A2_7/10/2019_04:45:00_ARU",0,0,1,0,0,0,0,0,0,0,0,0,0,1,0,0,0,1,0,0,0,0,0,0,0,0,0,0,0,0,1,0,0,0,0,0,0,0,1,0,0,0,0,0,0,0,0,0,0,0,0,0,0,0,1,0,"CANOL_A2","CANOL","A",2,"CANOL_A"
"CANOL_A2_7/6/2019_06:45:00_ARU",0,0,1,0,0,0,0,0,0,0,0,0,0,0,0,0,0,2,0,0,0,1,0,0,0,0,0,0,0,0,0,0,0,1,0,0,0,0,1,0,0,0,0,0,0,0,0,0,0,0,0,0,0,0,2,0,"CANOL_A2","CANOL","A",2,"CANOL_A"
"CANOL_A2_8/4/2019_07:00:00_ARU",0,0,0,0,0,0,0,0,0,0,0,0,0,0,0,0,0,1,0,0,0,0,0,0,0,0,0,0,0,0,0,0,0,0,0,0,0,0,0,0,0,0,0,0,0,0,0,0,0,0,0,0,0,0,1,0,"CANOL_A2","CANOL","A",2,"CANOL_A"
"CANOL_A4_7/27/2019_08:00:00_ARU",1,0,0,0,0,0,0,0,0,0,0,0,0,0,0,0,0,0,0,0,0,0,0,0,0,0,0,0,0,0,0,0,0,0,0,0,0,0,0,0,0,0,0,0,0,0,0,0,0,0,0,0,0,0,0,0,"CANOL_A4","CANOL","A",4,"CANOL_A"
"CANOL_A4_7/31/2019_04:00:00_ARU",0,0,0,0,0,0,0,0,0,0,0,0,0,0,0,0,0,0,0,0,0,0,0,0,0,0,0,0,0,0,0,0,0,0,0,0,0,0,0,0,0,0,0,0,0,0,0,0,0,0,1,0,0,0,0,0,"CANOL_A4","CANOL","A",4,"CANOL_A"
"CANOL_A6_7/2/2019_06:15:00_ARU",1,0,0,0,0,0,0,0,0,0,0,1,0,0,0,0,0,1,0,0,0,0,2,0,0,0,0,0,0,0,0,0,0,0,0,0,0,0,0,0,0,0,0,0,0,0,0,0,0,0,0,0,0,0,0,0,"CANOL_A6","CANOL","A",6,"CANOL_A"
"CANOL_A7_6/30/2019_04:30:00_ARU",0,0,0,0,0,0,0,0,0,0,0,0,0,0,0,0,0,0,0,0,0,0,0,0,0,0,0,0,0,0,0,0,0,0,0,0,1,0,1,0,0,0,0,0,1,0,0,0,0,0,0,0,0,0,0,0,"CANOL_A7","CANOL","A",7,"CANOL_A"
"CANOL_A7_7/5/2019_05:15:00_ARU",1,0,0,0,0,0,0,0,0,0,0,0,0,0,0,0,0,0,0,0,0,0,1,0,0,0,0,0,0,0,0,0,0,0,0,0,0,0,0,0,0,0,0,0,0,0,0,0,0,0,0,0,0,0,0,0,"CANOL_A7","CANOL","A",7,"CANOL_A"
"CANOL_S1_7/10/2019_08:00:00_ARU",0,0,0,0,0,0,0,0,0,0,0,0,0,2,0,0,0,0,0,0,0,0,0,0,0,0,0,0,0,0,0,0,0,0,0,0,0,1,0,0,0,0,0,0,0,0,0,0,0,0,0,0,0,0,0,0,"CANOL_S1","CANOL","S",1,"CANOL_S"
"CANOL_S1_7/11/2019_07:00:00_ARU",0,0,0,0,0,0,1,0,0,0,0,0,0,1,0,0,0,0,0,0,0,0,0,0,0,1,0,0,0,0,0,0,0,0,0,0,0,1,0,0,0,0,0,0,0,0,0,0,0,0,0,0,0,0,1,0,"CANOL_S1","CANOL","S",1,"CANOL_S"
"CANOL_S1_7/2/2019_05:00:00_ARU",0,0,1,0,0,0,0,0,1,0,0,0,0,1,0,0,0,0,1,0,0,0,0,0,0,1,0,0,0,0,1,1,0,0,0,0,0,0,0,0,0,0,1,0,0,0,0,1,0,0,0,0,1,0,1,0,"CANOL_S1","CANOL","S",1,"CANOL_S"
"CANOL_S1_7/30/2019_07:15:00_ARU",0,0,0,0,0,0,0,0,0,0,0,0,0,0,0,1,0,0,0,0,0,0,0,0,0,0,0,0,0,0,0,0,0,0,0,1,0,0,0,0,0,0,0,0,0,0,0,0,0,1,0,0,0,0,0,0,"CANOL_S1","CANOL","S",1,"CANOL_S"
"CANOL_S1_7/9/2019_03:45:00_ARU",0,0,0,0,0,0,0,0,0,0,0,0,0,2,0,0,0,0,1,0,0,0,0,0,0,1,0,0,0,0,0,0,0,0,0,0,0,0,0,0,0,0,0,0,0,0,0,1,0,0,0,0,0,0,0,0,"CANOL_S1","CANOL","S",1,"CANOL_S"
"CANOL_S3_7/1/2019_08:00:00_ARU",0,0,0,0,1,0,0,0,0,0,0,0,0,1,0,0,0,0,1,0,0,0,0,0,0,0,0,0,0,0,0,0,0,0,1,2,0,1,0,0,0,0,0,0,0,1,0,0,0,0,0,0,0,0,2,0,"CANOL_S3","CANOL","S",3,"CANOL_S"
"CANOL_S3_7/4/2019_07:45:00_ARU",0,0,0,0,2,0,0,0,0,0,0,0,0,1,0,0,0,0,1,0,0,1,0,0,0,0,0,0,0,1,0,0,0,0,0,0,0,1,0,0,0,0,1,0,0,0,0,0,0,0,0,0,0,0,0,0,"CANOL_S3","CANOL","S",3,"CANOL_S"
"CANOL_S3_7/8/2019_06:45:00_ARU",0,0,0,0,2,0,1,0,0,0,0,0,0,1,0,0,0,0,1,0,0,0,0,0,0,0,0,0,0,0,0,0,0,0,0,0,0,1,0,0,0,0,1,0,0,0,0,0,0,0,0,0,0,0,0,0,"CANOL_S3","CANOL","S",3,"CANOL_S"
"CANOL_S6_7/2/2019_07:45:00_ARU",0,1,0,0,1,0,0,0,1,0,0,0,0,0,0,2,0,0,1,0,0,0,0,0,0,0,0,0,0,0,0,0,0,0,0,1,0,1,0,0,0,0,1,0,0,0,0,0,0,0,0,0,0,0,1,0,"CANOL_S6","CANOL","S",6,"CANOL_S"
"CANOL_S6_7/7/2019_06:30:00_ARU",0,0,0,0,1,0,0,0,0,0,0,0,0,1,0,2,0,0,0,0,0,1,0,0,0,0,0,0,0,0,0,0,0,0,0,0,0,1,0,0,0,0,0,0,0,0,0,0,0,0,0,0,0,0,0,0,"CANOL_S6","CANOL","S",6,"CANOL_S"
"CANOL_S8_6/29/2019_07:30:00_ARU",0,0,3,0,0,0,0,0,2,0,0,0,0,2,0,0,0,3,0,0,0,0,0,0,0,0,0,0,0,0,0,1,0,0,0,0,0,0,1,0,0,0,0,0,0,0,0,0,0,0,0,0,0,0,1,0,"CANOL_S8","CANOL","S",8,"CANOL_S"
"CANOL_S8_7/4/2019_06:30:00_ARU",0,0,2,0,0,0,0,0,1,0,0,0,0,0,0,0,0,5,0,0,0,0,0,0,0,0,0,0,0,0,0,0,0,0,0,0,0,1,1,0,0,0,0,0,0,0,0,1,0,0,0,0,0,0,0,0,"CANOL_S8","CANOL","S",8,"CANOL_S"
"CANOL_S8_7/7/2019_03:45:00_ARU",0,0,0,0,0,0,0,0,2,0,0,0,0,1,0,0,0,3,0,0,0,0,0,0,0,0,0,0,0,0,0,0,0,0,0,0,0,0,0,0,0,0,0,0,0,0,0,2,0,0,0,0,0,0,0,0,"CANOL_S8","CANOL","S",8,"CANOL_S"
"CANOL_S8_8/10/2019_07:15:00_ARU",0,0,0,0,0,0,0,0,0,0,0,0,0,0,0,0,0,0,0,0,0,0,0,0,0,0,0,0,0,0,0,0,0,0,0,0,0,0,0,0,0,0,0,0,0,0,0,1,0,0,0,0,1,0,0,0,"CANOL_S8","CANOL","S",8,"CANOL_S"
"CANOL_S8_8/2/2019_07:45:00_ARU",0,0,1,0,0,0,0,0,0,0,0,0,0,0,0,2,0,0,0,0,1,0,0,0,0,0,0,0,0,0,0,0,0,0,0,0,0,0,0,0,0,0,0,0,0,0,0,0,0,0,0,0,0,0,1,0,"CANOL_S8","CANOL","S",8,"CANOL_S"
"CARIB_A1_7/10/2019_05:30:00_ARU",0,0,0,0,0,0,0,1,0,0,0,0,0,0,0,0,0,1,0,0,0,0,0,0,0,0,0,0,0,0,0,0,0,0,0,0,0,0,0,0,0,0,0,0,0,0,0,3,0,0,0,0,0,0,0,0,"CARIB_A1","CARIB","A",1,"CARIB_A"
"CARIB_A1_7/7/2019_05:30:00_ARU",0,0,0,0,0,0,0,0,0,0,0,0,0,0,0,0,0,0,0,0,0,0,0,0,0,0,0,0,0,0,0,0,0,0,0,0,0,0,0,0,0,0,0,0,0,0,0,0,0,1,0,0,0,0,0,0,"CARIB_A1","CARIB","A",1,"CARIB_A"
"CARIB_A1_7/8/2019_05:45:00_ARU",0,0,0,0,0,0,0,0,0,0,0,0,0,0,0,0,0,0,0,0,0,0,0,0,0,0,0,0,0,0,0,0,0,0,0,1,0,0,0,0,0,0,0,0,0,0,0,0,0,0,0,0,0,0,0,0,"CARIB_A1","CARIB","A",1,"CARIB_A"
"CARIB_A2_7/12/2019_04:00:00_ARU",0,0,0,0,0,0,0,0,0,0,0,0,0,0,0,0,0,0,0,0,0,0,0,0,0,0,0,0,0,0,0,0,0,0,0,2,0,0,0,0,0,0,0,0,0,0,0,0,0,0,0,0,0,0,0,0,"CARIB_A2","CARIB","A",2,"CARIB_A"
"CARIB_A2_7/5/2019_04:15:00_ARU",0,0,0,0,0,0,0,0,0,0,0,0,0,0,0,0,0,0,0,0,0,0,2,0,0,0,0,0,0,0,0,0,0,0,0,0,0,0,1,0,0,0,0,0,0,0,0,0,0,0,0,0,0,0,0,0,"CARIB_A2","CARIB","A",2,"CARIB_A"
"CARIB_A3_7/10/2019_08:00:00_ARU",0,0,0,0,0,0,0,0,0,0,0,0,0,0,0,0,0,2,0,0,0,0,0,0,0,0,0,0,0,0,0,0,0,0,0,0,0,0,0,0,0,0,0,0,0,0,0,1,0,0,0,0,0,0,0,0,"CARIB_A3","CARIB","A",3,"CARIB_A"
"CARIB_A3_7/17/2019_04:15:00_ARU",0,0,0,0,0,0,0,0,0,0,0,0,0,0,0,0,0,0,0,0,0,2,0,0,0,0,0,0,0,0,0,0,0,0,0,0,0,0,0,0,0,0,0,0,0,0,0,0,1,0,0,0,0,0,0,0,"CARIB_A3","CARIB","A",3,"CARIB_A"
"CARIB_A3_7/7/2019_07:45:00_ARU",0,0,0,0,0,0,0,0,0,0,0,0,0,0,0,0,0,2,0,0,0,3,0,0,0,0,0,0,0,0,0,0,0,0,0,0,0,0,0,0,0,0,0,0,0,0,0,0,0,0,0,0,0,0,0,0,"CARIB_A3","CARIB","A",3,"CARIB_A"
"CARIB_B2_7/10/2019_05:15:00_ARU",0,0,0,0,0,0,1,0,0,0,0,0,0,0,0,0,0,0,0,0,0,0,0,0,0,0,0,0,0,0,0,0,0,0,0,1,0,0,0,0,0,0,0,0,0,0,0,0,0,3,0,0,0,0,0,0,"CARIB_B2","CARIB","B",2,"CARIB_B"
"CARIB_B2_7/9/2019_05:30:00_ARU",0,0,0,0,0,0,0,0,0,0,0,0,0,2,0,0,0,0,0,0,0,0,0,0,0,0,0,0,0,0,0,0,0,0,0,0,0,0,0,0,0,0,0,0,0,0,0,0,0,3,0,0,0,0,0,0,"CARIB_B2","CARIB","B",2,"CARIB_B"
"CARIB_B3_7/12/2019_06:00:00_ARU",0,0,0,1,0,0,0,0,0,0,0,0,0,0,0,0,0,0,0,0,0,1,0,0,0,0,0,0,0,0,0,0,0,0,0,0,0,0,0,0,0,0,0,0,0,0,0,0,0,2,0,0,0,0,1,0,"CARIB_B3","CARIB","B",3,"CARIB_B"
"CARIB_B3_7/14/2019_03:45:00_ARU",0,0,0,0,0,0,0,0,0,0,0,0,0,0,0,0,0,0,0,0,0,1,0,0,0,0,0,0,0,0,0,0,0,0,0,0,0,0,0,0,0,0,1,0,0,0,0,0,0,0,0,0,0,0,0,0,"CARIB_B3","CARIB","B",3,"CARIB_B"
"CARIB_B3_7/15/2019_06:00:00_ARU",0,0,0,0,0,0,1,0,0,0,0,0,0,0,0,0,0,0,0,0,0,0,0,0,0,0,0,0,0,0,0,0,0,0,0,1,0,0,0,0,0,0,0,0,0,0,0,0,0,2,0,0,0,0,0,0,"CARIB_B3","CARIB","B",3,"CARIB_B"
"CARIB_S1_7/18/2019_06:00:00_ARU",0,0,0,0,0,0,0,0,0,0,0,0,0,0,0,0,0,0,0,0,0,0,0,0,0,0,0,0,0,0,0,0,0,0,0,1,0,0,0,0,0,0,0,0,0,0,0,0,0,1,0,0,0,0,0,0,"CARIB_S1","CARIB","S",1,"CARIB_S"
"CARIB_S1_7/6/2019_05:15:00_ARU",0,0,0,0,0,0,0,0,0,0,0,0,0,0,0,0,0,0,0,0,0,4,0,0,0,0,0,0,0,0,0,1,0,0,0,0,0,0,0,0,0,0,1,0,0,0,0,0,0,1,0,0,0,0,0,0,"CARIB_S1","CARIB","S",1,"CARIB_S"
"CARIB_S1_7/9/2019_08:00:00_ARU",0,0,0,0,0,0,0,0,0,1,1,0,0,1,0,0,0,0,0,0,1,1,0,0,0,0,0,0,0,0,0,0,0,0,0,0,0,0,0,0,0,0,0,0,0,0,0,0,0,0,0,0,0,0,0,0,"CARIB_S1","CARIB","S",1,"CARIB_S"
"CARIB_S2_7/5/2019_04:00:00_ARU",0,0,0,0,0,0,0,2,0,0,0,0,0,0,0,0,0,0,0,0,0,0,0,0,0,0,0,0,0,0,0,0,0,0,0,0,0,0,0,0,0,0,0,0,1,0,0,2,0,0,0,0,0,0,0,0,"CARIB_S2","CARIB","S",2,"CARIB_S"
"CARIB_S3_7/10/2019_06:30:00_ARU",0,0,0,0,0,0,0,0,0,0,0,0,0,2,1,0,0,0,0,0,0,2,0,0,0,0,0,0,0,0,0,0,0,0,0,1,0,0,0,0,0,0,0,0,0,0,0,0,0,0,0,0,0,0,0,0,"CARIB_S3","CARIB","S",3,"CARIB_S"
"CARIB_S3_7/14/2019_06:30:00_ARU",0,0,0,0,0,0,0,0,0,0,0,0,0,1,0,0,0,0,0,0,0,2,0,0,0,0,0,0,0,0,0,0,0,0,0,1,0,0,0,0,0,0,0,0,0,0,0,0,0,0,0,0,0,0,0,0,"CARIB_S3","CARIB","S",3,"CARIB_S"
"CARIB_S3_7/6/2019_05:45:00_ARU",0,0,0,0,0,0,0,0,0,0,0,0,0,1,1,0,0,0,0,0,0,2,0,0,0,0,0,0,0,0,0,1,0,0,0,1,0,0,0,0,0,0,0,0,0,0,0,0,0,0,0,0,0,0,0,0,"CARIB_S3","CARIB","S",3,"CARIB_S"
"CARIB_S3_7/7/2019_04:45:00_ARU",0,0,0,0,0,0,0,0,0,0,0,0,0,3,1,0,0,0,0,0,0,2,0,0,0,0,0,0,0,0,0,2,0,0,0,0,0,0,0,0,0,0,0,0,0,0,0,0,0,0,0,0,0,0,0,0,"CARIB_S3","CARIB","S",3,"CARIB_S"
"DANE_A2_7/27/2019_08:00:00_ARU",1,0,0,0,0,0,0,0,0,0,0,0,0,0,0,0,0,0,0,0,0,0,0,0,0,0,0,0,0,0,0,0,0,0,0,0,0,0,0,0,0,0,0,0,0,0,0,0,0,0,0,0,0,0,0,0,"DANE_A2","DANE","A",2,"DANE_A"
"DANE_A2_7/3/2019_05:30:00_ARU",2,0,0,0,0,0,0,0,0,0,0,0,0,0,0,0,0,1,0,0,0,0,0,0,0,0,0,0,0,0,0,0,0,0,0,0,0,0,0,0,0,0,0,0,0,0,0,3,0,0,0,0,0,0,0,0,"DANE_A2","DANE","A",2,"DANE_A"
"DANE_A2_7/4/2019_03:30:00_ARU",0,0,0,0,0,0,0,0,0,0,0,0,0,0,0,0,0,0,0,0,0,0,0,0,0,0,0,0,0,0,0,0,0,0,0,0,0,0,0,0,0,0,0,0,0,0,0,4,0,0,0,0,0,0,0,0,"DANE_A2","DANE","A",2,"DANE_A"
"DANE_A2_7/6/2019_06:45:00_ARU",1,0,0,0,0,0,0,0,0,0,0,0,0,0,0,0,0,0,0,0,0,0,0,0,0,0,0,0,0,0,0,0,0,0,0,0,0,0,0,0,0,0,0,0,0,0,0,1,0,0,0,0,0,0,0,0,"DANE_A2","DANE","A",2,"DANE_A"
"DANE_A4_6/26/2019_03:45:00_ARU",0,0,0,0,0,0,0,0,0,0,0,0,0,1,0,0,0,0,0,0,0,0,0,0,0,0,0,0,0,0,0,0,0,0,0,0,0,0,0,0,0,0,0,0,1,0,0,0,0,0,0,0,0,0,0,0,"DANE_A4","DANE","A",4,"DANE_A"
"DANE_A4_7/2/2019_03:45:00_ARU",0,0,0,0,0,0,0,0,0,0,0,0,0,0,0,0,0,0,0,0,0,0,0,0,0,0,0,0,0,0,0,0,0,0,0,0,1,0,0,0,0,0,0,0,0,0,0,0,0,0,0,0,0,0,0,0,"DANE_A4","DANE","A",4,"DANE_A"
"DANE_A6_6/29/2019_06:30:00_ARU",0,0,0,0,0,0,0,0,0,0,0,0,0,1,0,0,0,0,0,0,0,1,0,0,0,0,0,0,0,0,0,3,0,0,0,0,0,0,0,0,0,0,0,0,0,0,0,3,0,0,0,0,1,0,0,0,"DANE_A6","DANE","A",6,"DANE_A"
"DANE_A6_6/30/2019_07:45:00_ARU",0,0,0,0,0,0,0,0,0,0,0,0,0,3,0,0,0,0,0,0,0,1,0,0,0,0,0,0,0,0,0,2,0,0,0,0,0,0,0,0,0,0,2,0,0,0,0,3,0,1,0,0,1,0,0,0,"DANE_A6","DANE","A",6,"DANE_A"
"DANE_A6_7/6/2019_08:00:00_ARU",0,0,0,0,0,0,0,0,0,0,0,0,0,0,0,0,0,0,0,0,0,1,0,0,0,0,0,0,0,0,0,0,0,0,0,1,0,0,0,0,0,0,1,0,0,0,0,0,0,0,0,0,0,0,0,0,"DANE_A6","DANE","A",6,"DANE_A"
"DANE_B2_6/27/2019_03:30:00_ARU",0,0,0,0,0,0,0,0,0,0,0,0,0,0,0,0,0,0,0,0,0,0,0,0,0,0,0,0,0,0,0,0,0,0,0,0,0,0,0,0,0,0,2,0,0,0,1,0,0,0,0,0,0,0,1,0,"DANE_B2","DANE","B",2,"DANE_B"
"DANE_B2_6/30/2019_04:00:00_ARU",0,0,0,0,0,0,0,0,0,0,0,0,0,0,0,0,0,0,0,0,0,0,0,0,0,0,0,0,0,0,0,0,0,0,0,0,0,0,0,0,0,0,2,0,0,0,0,0,0,1,0,0,0,0,0,0,"DANE_B2","DANE","B",2,"DANE_B"
"DANE_B2_7/26/2019_06:30:00_ARU",0,0,0,0,0,0,0,0,0,0,0,0,0,0,0,0,0,0,0,0,0,0,0,0,0,0,0,0,0,0,0,0,0,0,0,0,0,0,0,0,0,0,0,0,0,0,0,0,0,2,0,0,0,0,0,0,"DANE_B2","DANE","B",2,"DANE_B"
"DANE_B2_7/27/2019_06:00:00_ARU",0,0,0,0,0,1,0,0,0,0,0,0,0,0,0,0,0,0,0,0,0,0,0,0,0,0,0,0,0,0,0,0,0,0,0,0,0,0,0,0,0,0,0,0,0,0,0,0,0,0,0,0,0,0,0,0,"DANE_B2","DANE","B",2,"DANE_B"
"DANE_B2_7/3/2019_04:30:00_ARU",0,0,0,0,0,0,0,0,0,0,0,0,0,0,0,0,0,0,0,0,0,0,0,0,0,0,0,0,0,0,0,0,0,0,0,0,0,0,0,0,0,0,1,0,0,0,1,0,0,1,0,0,0,0,0,0,"DANE_B2","DANE","B",2,"DANE_B"
"DANE_B2_7/6/2019_04:00:00_ARU",0,0,0,0,0,0,0,0,0,0,0,0,0,0,0,0,0,0,0,0,0,0,0,0,0,0,0,0,0,0,0,0,0,0,0,0,0,0,0,0,0,0,0,0,0,0,1,0,0,0,0,0,0,0,0,0,"DANE_B2","DANE","B",2,"DANE_B"
"DANE_B2_8/6/2019_06:45:00_ARU",0,0,0,0,0,0,0,0,0,0,0,0,0,0,0,0,0,0,0,0,0,0,0,0,0,0,0,0,0,0,0,0,0,0,0,1,0,0,0,0,0,0,0,0,0,0,0,0,0,2,0,0,0,0,0,0,"DANE_B2","DANE","B",2,"DANE_B"
"DANE_B2_8/7/2019_07:00:00_ARU",0,0,0,0,0,0,0,0,0,0,1,0,0,0,0,0,0,0,0,0,0,0,0,0,0,0,0,0,0,0,0,0,0,0,0,0,0,0,0,0,0,0,0,0,0,0,0,0,0,0,0,0,0,0,1,0,"DANE_B2","DANE","B",2,"DANE_B"
"DANE_B4_6/27/2019_05:30:00_ARU",0,0,0,0,0,0,0,0,0,0,0,0,0,1,0,0,0,0,0,0,0,0,0,0,0,0,0,0,0,0,0,0,0,0,0,0,0,0,0,0,0,0,0,0,0,0,0,0,0,3,0,0,0,0,0,0,"DANE_B4","DANE","B",4,"DANE_B"
"DANE_B4_6/30/2019_04:30:00_ARU",0,0,0,0,0,0,0,0,0,0,0,0,0,2,0,0,0,0,0,0,0,0,0,0,0,0,0,0,0,0,0,0,0,0,0,0,0,0,0,0,0,0,0,0,0,0,0,0,0,1,0,0,0,0,0,0,"DANE_B4","DANE","B",4,"DANE_B"
"DANE_B4_7/1/2019_05:45:00_ARU",0,0,0,0,0,0,0,0,0,0,0,0,0,1,0,0,0,0,0,0,1,0,0,0,0,0,0,0,0,0,0,0,0,0,0,1,0,0,0,0,0,0,0,0,0,0,0,0,0,1,0,0,0,0,0,0,"DANE_B4","DANE","B",4,"DANE_B"
"DANE_B4_7/4/2019_07:30:00_ARU",0,0,0,0,0,0,0,0,0,0,0,0,0,2,0,0,0,0,0,0,0,0,0,0,0,0,0,0,0,0,0,0,0,0,0,0,0,0,0,0,0,0,0,0,0,0,0,0,0,1,0,0,0,0,0,0,"DANE_B4","DANE","B",4,"DANE_B"
"DANE_B4_8/3/2019_05:30:00_ARU",0,0,0,0,0,0,0,0,0,0,0,0,0,0,0,0,0,0,0,0,0,0,0,0,0,0,0,0,0,0,0,0,0,0,0,0,0,0,0,0,0,0,1,0,0,0,0,0,0,1,0,0,0,0,0,0,"DANE_B4","DANE","B",4,"DANE_B"
"DANE_B6_6/25/2019_08:00:00_ARU",0,0,0,0,0,0,1,0,0,0,0,0,0,0,0,0,0,0,0,0,1,0,0,0,0,0,0,0,0,0,0,1,0,0,0,0,0,0,0,0,0,0,0,0,1,0,0,0,0,1,0,0,0,0,0,0,"DANE_B6","DANE","B",6,"DANE_B"
"DANE_B6_7/2/2019_05:15:00_ARU",0,0,0,0,0,0,2,0,0,0,0,0,0,3,0,0,0,0,0,0,2,0,0,0,0,0,0,0,0,0,0,2,0,0,0,0,0,0,0,0,0,0,0,0,0,0,0,0,0,0,0,0,0,0,1,0,"DANE_B6","DANE","B",6,"DANE_B"
"DANE_B6_7/29/2019_07:30:00_ARU",0,0,0,0,0,0,0,0,0,0,0,0,0,0,0,0,0,0,0,0,0,0,0,0,0,0,0,0,0,0,0,0,0,0,0,0,0,0,0,0,0,0,0,0,0,0,0,0,0,3,0,0,0,0,0,0,"DANE_B6","DANE","B",6,"DANE_B"
"DANE_B6_7/7/2019_06:15:00_ARU",0,0,0,0,0,0,0,0,0,0,0,0,0,1,0,0,0,0,0,0,2,0,0,0,0,0,0,0,0,0,0,0,0,0,0,0,0,0,0,0,0,0,0,0,0,0,0,0,0,0,0,0,0,0,0,0,"DANE_B6","DANE","B",6,"DANE_B"
"DANE_B6_8/7/2019_06:45:00_ARU",0,0,0,0,0,0,1,0,0,0,0,0,0,0,0,0,0,0,0,0,0,0,0,0,0,0,0,0,0,0,0,0,0,0,0,1,0,0,0,0,0,0,0,0,0,0,0,0,0,2,0,0,0,0,0,0,"DANE_B6","DANE","B",6,"DANE_B"
"DANE_S2_6/25/2019_08:00:00_ARU",0,1,0,0,0,0,2,0,0,0,0,0,0,0,0,0,0,0,0,0,0,3,0,0,0,0,0,0,0,0,0,1,0,0,0,0,0,0,0,0,0,0,2,0,0,0,0,0,0,0,0,0,1,1,0,0,"DANE_S2","DANE","S",2,"DANE_S"
"DANE_S2_6/26/2019_07:45:00_ARU",0,0,0,0,0,0,0,0,0,0,0,0,0,0,0,1,0,0,0,0,0,2,0,0,0,0,0,0,0,0,0,2,0,0,0,0,0,0,0,0,0,0,0,0,0,0,0,0,0,0,0,0,1,0,0,0,"DANE_S2","DANE","S",2,"DANE_S"
"DANE_S2_7/30/2019_07:00:00_ARU",0,0,0,0,0,0,0,0,0,0,0,0,0,1,0,0,0,0,0,0,2,0,0,0,0,0,0,0,0,0,0,0,0,0,0,0,0,0,0,0,0,0,0,0,0,0,0,0,0,0,0,0,0,0,0,0,"DANE_S2","DANE","S",2,"DANE_S"
"DANE_S2_7/4/2019_07:45:00_ARU",0,0,0,1,0,0,0,0,0,0,0,0,0,0,0,0,0,0,0,0,0,1,0,0,0,0,0,0,0,0,0,2,0,0,0,0,0,0,0,0,0,0,0,0,0,0,0,0,0,0,0,0,0,0,0,0,"DANE_S2","DANE","S",2,"DANE_S"
"DANE_S2_8/5/2019_07:00:00_ARU",0,0,0,0,0,0,2,0,0,0,0,0,0,0,0,0,0,0,0,0,0,0,0,0,0,0,0,0,0,0,0,0,0,0,0,2,0,0,0,0,0,0,0,0,0,0,0,0,0,0,0,0,0,0,0,0,"DANE_S2","DANE","S",2,"DANE_S"
"DANE_S4_6/25/2019_07:15:00_ARU",0,0,0,0,0,0,0,0,0,0,0,0,0,2,0,0,0,0,0,0,1,0,0,0,0,0,0,0,0,0,0,3,0,0,0,0,0,0,0,0,0,0,0,0,1,0,0,0,0,0,0,0,0,0,0,0,"DANE_S4","DANE","S",4,"DANE_S"
"DANE_S4_6/27/2019_06:30:00_ARU",0,0,0,0,0,0,0,0,0,0,0,0,0,0,0,0,0,0,0,0,0,0,0,0,0,0,0,0,0,0,0,3,0,0,0,0,0,0,0,0,0,0,0,0,0,0,0,1,0,0,0,0,0,0,0,0,"DANE_S4","DANE","S",4,"DANE_S"
"DANE_S4_7/26/2019_07:45:00_ARU",0,0,0,0,0,0,0,0,0,0,0,0,0,1,0,0,0,0,0,0,0,0,0,0,0,0,0,0,0,0,0,0,0,0,0,0,0,0,0,0,0,0,0,0,0,0,0,0,0,0,0,0,0,0,0,0,"DANE_S4","DANE","S",4,"DANE_S"
"DANE_S4_7/27/2019_06:15:00_ARU",0,0,0,0,0,0,0,0,0,0,0,0,0,1,0,0,0,0,0,0,0,0,0,0,0,0,0,0,0,0,0,0,0,0,0,0,0,0,0,0,0,0,0,0,0,0,0,0,0,0,0,0,0,0,0,0,"DANE_S4","DANE","S",4,"DANE_S"
"DANE_S4_7/5/2019_04:15:00_ARU",0,0,0,0,0,0,0,0,0,0,0,0,0,4,0,0,0,0,0,0,0,0,0,0,0,0,0,0,0,0,0,4,0,0,0,0,0,0,0,0,0,0,0,0,0,0,0,0,0,0,0,0,0,0,0,0,"DANE_S4","DANE","S",4,"DANE_S"
"DANE_S4_8/6/2019_06:00:00_ARU",0,0,0,0,0,0,0,0,0,0,0,0,0,2,0,0,0,0,0,0,0,0,0,0,0,0,0,0,0,0,0,0,0,0,0,0,0,0,0,0,0,0,0,0,0,0,0,1,0,0,0,0,0,0,0,0,"DANE_S4","DANE","S",4,"DANE_S"
"DANE_S6_6/30/2019_07:30:00_ARU",0,0,0,0,0,0,0,0,0,0,0,0,0,1,0,1,0,0,0,0,0,0,0,0,0,0,0,0,0,0,0,1,0,0,0,0,0,0,0,0,0,0,1,0,0,0,0,0,0,0,0,0,1,0,0,0,"DANE_S6","DANE","S",6,"DANE_S"
"DANE_S6_7/1/2019_07:00:00_ARU",0,0,0,0,0,0,0,0,0,0,0,0,0,2,0,2,0,0,0,0,0,0,0,0,0,0,0,0,0,0,0,4,0,0,0,0,0,0,0,0,0,0,2,0,1,0,0,1,0,0,0,0,1,0,0,0,"DANE_S6","DANE","S",6,"DANE_S"
"DANE_S6_7/3/2019_06:00:00_ARU",0,0,0,0,0,0,0,0,0,0,0,0,0,0,0,1,0,0,0,0,0,0,0,0,0,0,0,0,0,0,0,4,0,0,0,0,0,0,0,0,0,0,1,0,0,0,0,2,0,1,0,0,0,0,0,0,"DANE_S6","DANE","S",6,"DANE_S"
"DANE_S6_7/4/2019_07:30:00_ARU",0,0,0,0,0,0,0,0,0,0,0,0,0,1,0,1,0,0,0,0,0,0,0,0,0,0,0,0,0,0,0,3,0,0,0,0,0,0,0,0,0,0,0,0,0,0,0,2,0,0,0,0,0,0,0,0,"DANE_S6","DANE","S",6,"DANE_S"
"DEADM_A1_6/29/2019_06:15:00_ARU",0,1,0,0,0,0,0,0,0,0,0,0,0,0,0,1,0,3,0,0,0,0,0,0,0,0,0,0,0,1,0,0,0,0,0,0,0,0,1,0,0,0,0,0,0,0,0,0,0,0,0,0,1,0,0,0,"DEADM_A1","DEADM","A",1,"DEADM_A"
"DEADM_A1_7/10/2019_04:15:00_ARU",0,0,1,0,0,0,0,0,0,0,0,0,0,0,0,0,0,1,0,0,0,1,0,0,0,0,0,0,0,0,0,0,0,0,0,0,0,0,0,0,0,0,0,0,0,0,0,0,0,0,0,0,0,0,0,0,"DEADM_A1","DEADM","A",1,"DEADM_A"
"DEADM_A1_7/2/2019_08:00:00_ARU",0,0,0,0,0,0,0,0,0,0,0,0,0,0,0,0,0,1,0,0,1,1,0,0,0,0,0,0,0,0,0,0,0,0,0,0,0,0,0,0,0,0,0,0,0,0,0,0,0,0,0,0,0,0,0,0,"DEADM_A1","DEADM","A",1,"DEADM_A"
"DEADM_A1_7/23/2019_06:45:00_ARU",0,0,0,0,0,0,0,0,0,0,0,0,0,0,0,0,0,3,0,0,0,0,0,0,0,0,0,0,0,0,0,0,0,0,0,0,0,0,0,0,0,0,0,0,0,0,0,0,0,0,0,0,0,0,1,0,"DEADM_A1","DEADM","A",1,"DEADM_A"
"DEADM_A1_7/7/2019_06:00:00_ARU",0,0,2,0,0,0,0,0,0,0,0,0,0,0,0,0,0,1,0,0,0,1,0,0,0,0,0,0,0,0,0,0,0,0,0,0,0,0,0,0,0,0,0,0,0,0,0,0,0,0,0,0,0,0,0,0,"DEADM_A1","DEADM","A",1,"DEADM_A"
"DEADM_A3_7/2/2019_03:45:00_ARU",0,0,0,0,0,0,0,0,0,0,0,0,0,0,0,0,0,2,0,0,0,0,0,0,0,0,0,0,0,0,0,0,0,0,0,0,0,0,1,0,0,0,0,0,0,0,0,0,0,0,0,0,0,0,0,0,"DEADM_A3","DEADM","A",3,"DEADM_A"
"DEADM_A3_7/3/2019_04:45:00_ARU",0,0,0,0,0,0,0,0,0,0,0,0,0,0,0,0,0,1,0,0,0,0,0,0,0,0,0,0,0,0,0,0,0,0,0,0,0,0,1,0,0,0,0,0,0,0,0,0,0,0,0,0,0,0,0,0,"DEADM_A3","DEADM","A",3,"DEADM_A"
"DEADM_A6_6/29/2019_06:45:00_ARU",1,0,0,0,0,0,0,0,0,0,0,0,0,0,0,0,0,3,0,0,0,0,0,0,0,1,0,0,0,0,0,0,0,0,0,0,0,0,2,0,0,0,0,0,0,0,0,0,0,0,0,0,0,0,0,0,"DEADM_A6","DEADM","A",6,"DEADM_A"
"DEADM_A6_6/30/2019_08:00:00_ARU",0,0,0,0,0,0,0,0,0,0,0,0,0,0,0,0,0,4,0,0,0,0,0,0,0,0,0,0,0,0,0,0,0,0,0,0,0,0,1,0,0,0,0,0,0,0,0,0,0,0,0,0,0,0,1,0,"DEADM_A6","DEADM","A",6,"DEADM_A"
"DEADM_A6_7/4/2019_03:45:00_ARU",0,0,0,0,0,0,0,0,0,0,0,0,0,0,0,0,0,4,0,0,0,0,0,0,0,0,0,0,0,0,0,0,0,0,0,0,0,0,2,0,0,0,0,0,0,0,0,0,0,0,0,0,0,0,1,0,"DEADM_A6","DEADM","A",6,"DEADM_A"
"DEADM_A6_7/5/2019_08:00:00_ARU",0,0,1,0,0,0,0,0,0,0,0,0,0,0,0,0,0,2,0,0,0,0,0,0,0,0,0,0,0,0,0,0,0,0,0,0,0,0,2,0,0,0,0,0,0,0,0,0,0,0,0,0,0,0,1,0,"DEADM_A6","DEADM","A",6,"DEADM_A"
"DEADM_A6_8/2/2019_04:30:00_ARU",0,0,0,0,0,0,0,0,0,0,0,0,0,0,0,0,0,0,0,0,0,0,0,0,0,0,0,0,0,0,0,0,0,0,0,0,0,0,0,0,0,0,0,0,0,0,0,0,0,0,1,0,0,0,0,0,"DEADM_A6","DEADM","A",6,"DEADM_A"
"DEADM_S1_6/30/2019_06:15:00_ARU",0,0,0,0,0,0,0,0,0,0,0,0,0,1,0,1,0,0,1,0,0,0,0,0,0,0,0,0,0,1,0,0,0,0,0,1,0,1,0,0,0,0,0,0,0,0,0,0,0,0,0,0,0,0,4,0,"DEADM_S1","DEADM","S",1,"DEADM_S"
"DEADM_S1_7/11/2019_07:45:00_ARU",0,0,0,0,0,0,0,0,0,0,0,0,0,0,0,1,0,0,1,0,1,1,0,0,0,0,0,0,0,0,0,0,0,0,0,1,0,0,0,0,0,0,0,0,0,0,0,0,0,0,0,0,0,0,0,0,"DEADM_S1","DEADM","S",1,"DEADM_S"
"DEADM_S1_7/2/2019_05:00:00_ARU",0,0,1,0,0,0,0,0,0,0,0,0,0,2,0,0,0,0,0,0,0,1,0,0,0,0,0,0,0,1,0,1,0,0,0,0,0,0,0,0,0,0,0,0,0,0,0,1,0,1,0,0,0,0,2,0,"DEADM_S1","DEADM","S",1,"DEADM_S"
"DEADM_S1_7/29/2019_06:30:00_ARU",0,0,0,0,0,0,0,0,0,0,0,0,0,1,0,0,0,0,0,0,0,0,0,0,0,0,0,0,0,0,0,0,0,0,0,0,0,0,0,0,0,0,0,0,0,0,0,0,0,0,0,0,0,0,0,0,"DEADM_S1","DEADM","S",1,"DEADM_S"
"DEADM_S1_7/5/2019_04:45:00_ARU",0,0,1,0,0,0,0,0,0,0,0,0,0,1,0,0,0,0,0,0,0,1,0,0,0,0,0,0,0,0,0,0,0,0,0,0,0,0,0,0,0,0,0,0,0,0,0,1,0,0,0,0,0,0,1,0,"DEADM_S1","DEADM","S",1,"DEADM_S"
"DEADM_S1_8/2/2019_03:30:00_ARU",0,0,0,0,0,0,0,0,0,0,0,0,0,0,0,0,0,0,0,0,0,0,0,0,0,0,0,0,0,0,0,0,0,0,0,0,0,0,0,0,0,0,0,0,0,0,0,0,0,0,0,0,1,0,0,0,"DEADM_S1","DEADM","S",1,"DEADM_S"
"DEADM_S3_6/30/2019_04:30:00_ARU",0,0,0,0,0,0,0,0,0,0,0,0,0,3,0,1,0,0,0,0,0,0,0,0,0,0,0,0,0,0,0,0,0,1,0,0,0,0,0,0,0,0,0,0,0,0,0,0,0,0,0,0,1,0,0,0,"DEADM_S3","DEADM","S",3,"DEADM_S"
"DEADM_S3_7/1/2019_06:45:00_ARU",0,0,0,0,0,0,0,0,0,0,0,0,0,2,0,0,0,0,0,0,0,2,0,0,0,0,0,0,0,0,0,0,0,0,0,0,0,0,0,0,0,0,0,0,0,0,0,0,0,0,0,0,0,0,1,0,"DEADM_S3","DEADM","S",3,"DEADM_S"
"DEADM_S3_7/10/2019_06:15:00_ARU",0,0,0,0,0,0,0,0,0,0,0,0,0,0,0,0,0,0,0,0,0,1,0,0,0,0,0,0,0,0,0,0,0,1,0,0,0,0,0,0,0,1,0,0,0,0,0,0,0,1,0,0,0,0,1,0,"DEADM_S3","DEADM","S",3,"DEADM_S"
"DEADM_S3_7/2/2019_06:30:00_ARU",0,0,0,0,0,0,0,0,0,0,0,0,0,1,0,1,0,0,0,0,0,2,0,0,0,0,0,0,0,0,0,0,0,1,0,0,0,0,0,0,0,0,0,0,0,0,0,0,0,0,0,0,0,0,1,0,"DEADM_S3","DEADM","S",3,"DEADM_S"
"DEADM_S3_7/30/2019_08:00:00_ARU",0,0,0,0,0,0,1,0,0,0,0,0,0,0,0,0,0,0,0,0,0,0,0,0,0,0,0,0,0,0,0,0,0,0,0,0,0,0,0,0,0,0,0,0,0,0,0,0,0,0,0,0,0,0,0,0,"DEADM_S3","DEADM","S",3,"DEADM_S"
"DEADM_S5_6/28/2019_06:30:00_ARU",0,0,0,0,0,0,0,0,0,0,0,0,0,1,0,0,0,0,0,0,0,1,0,0,0,0,0,0,0,0,0,0,0,0,1,0,0,1,0,0,0,0,0,0,0,0,0,0,0,1,0,0,0,0,2,0,"DEADM_S5","DEADM","S",5,"DEADM_S"
"DEADM_S5_7/2/2019_05:30:00_ARU",0,0,0,0,0,0,0,0,0,0,0,0,0,0,0,0,0,1,1,0,0,1,0,0,0,0,0,0,0,0,0,0,0,0,0,0,0,0,0,0,0,0,0,0,0,0,0,1,0,0,0,0,0,0,2,0,"DEADM_S5","DEADM","S",5,"DEADM_S"
"DEADM_S5_7/24/2019_05:00:00_ARU",0,0,0,0,0,0,0,0,0,0,0,0,0,0,0,0,0,0,0,0,0,1,0,0,0,0,0,0,0,0,0,0,0,0,0,0,0,0,0,0,0,0,0,0,0,0,0,0,0,0,0,0,0,0,0,0,"DEADM_S5","DEADM","S",5,"DEADM_S"
"DEADM_S5_7/8/2019_06:00:00_ARU",0,0,0,0,0,0,0,0,0,0,0,0,0,0,0,0,0,0,0,0,0,1,0,0,0,0,0,0,0,0,0,0,0,0,0,0,0,1,0,0,0,0,0,0,0,0,0,0,0,0,0,0,0,0,2,0,"DEADM_S5","DEADM","S",5,"DEADM_S"
"DEADM_S7_6/8/2019_04:00:00_ARU",0,0,0,0,0,0,0,0,2,0,0,0,0,1,0,0,0,0,0,0,0,0,0,0,0,0,0,0,0,0,0,0,0,0,0,0,0,0,0,0,0,0,2,0,0,0,0,0,0,0,0,0,0,0,2,0,"DEADM_S7","DEADM","S",7,"DEADM_S"
"DEADM_S7_7/1/2019_04:15:00_ARU",0,1,1,0,2,0,0,0,1,0,0,0,0,1,0,1,0,1,0,0,0,1,0,0,0,2,0,0,0,0,0,0,0,0,0,0,0,0,0,0,0,0,0,0,0,0,0,1,0,0,0,0,0,0,1,0,"DEADM_S7","DEADM","S",7,"DEADM_S"
"DEADM_S7_7/23/2019_07:00:00_ARU",0,0,1,0,1,0,0,0,0,0,0,0,0,0,0,0,0,0,0,0,0,0,0,0,0,0,0,0,0,0,0,0,0,0,0,1,0,0,0,0,0,0,0,0,0,0,0,0,0,0,0,0,0,0,0,0,"DEADM_S7","DEADM","S",7,"DEADM_S"
"DEADM_S7_7/9/2019_06:45:00_ARU",0,1,1,0,0,0,0,0,0,0,0,0,0,0,0,1,0,1,0,0,0,2,0,0,0,0,0,0,0,1,0,0,0,0,0,0,0,1,0,0,0,0,0,0,0,0,0,1,0,0,0,0,0,0,0,0,"DEADM_S7","DEADM","S",7,"DEADM_S"
"FRASE_A1_7/3/2019_06:45:00_ARU",1,0,0,0,0,0,0,0,0,0,0,0,0,0,0,0,0,0,0,0,0,0,0,0,0,0,0,0,0,0,0,0,0,0,0,0,0,0,2,0,0,0,0,0,0,0,0,0,0,0,0,0,0,0,0,0,"FRASE_A1","FRASE","A",1,"FRASE_A"
"FRASE_A1_7/6/2019_04:00:00_ARU",0,0,0,0,0,0,0,0,0,0,0,0,0,0,0,0,0,1,0,0,0,0,0,0,0,0,0,0,0,0,0,0,0,0,0,0,0,0,0,0,0,0,0,0,0,0,0,0,0,0,0,0,0,0,0,0,"FRASE_A1","FRASE","A",1,"FRASE_A"
"FRASE_A3_7/7/2019_06:45:00_ARU",0,0,0,0,0,0,0,0,0,0,0,0,0,0,0,0,0,0,0,1,0,0,0,0,0,0,0,0,0,0,0,0,0,0,0,1,0,0,0,0,0,0,0,0,0,0,0,0,0,0,0,0,0,0,0,0,"FRASE_A3","FRASE","A",3,"FRASE_A"
"FRASE_A3_7/8/2019_04:15:00_ARU",0,0,0,0,0,0,0,0,0,0,0,0,0,0,0,0,0,0,0,0,0,0,0,0,0,0,0,0,0,0,0,0,0,0,0,1,0,0,0,0,0,0,0,0,0,0,0,0,0,0,0,0,0,0,0,0,"FRASE_A3","FRASE","A",3,"FRASE_A"
"FRASE_B3_6/28/2019_04:00:00_ARU",0,1,0,0,2,0,0,0,0,0,0,0,0,0,0,2,0,0,0,0,0,3,0,0,0,0,0,0,0,0,0,0,0,1,0,0,0,0,0,0,0,0,0,0,0,0,4,0,0,0,0,0,0,0,1,0,"FRASE_B3","FRASE","B",3,"FRASE_B"
"FRASE_B3_7/6/2019_04:15:00_ARU",0,0,0,0,0,0,0,0,1,0,0,0,0,2,0,2,0,0,0,0,0,4,0,0,0,0,0,0,0,0,0,0,0,0,0,0,0,0,0,0,0,0,0,0,0,0,5,0,0,0,0,0,0,0,0,0,"FRASE_B3","FRASE","B",3,"FRASE_B"
"FRASE_B3_7/7/2019_08:00:00_ARU",0,0,0,0,0,0,0,0,1,0,0,0,0,0,0,1,0,0,0,0,0,4,0,0,0,0,0,0,0,0,0,0,0,0,0,2,0,0,0,0,0,0,0,0,0,0,2,0,0,0,0,0,0,0,1,0,"FRASE_B3","FRASE","B",3,"FRASE_B"
"FRASE_B7_7/2/2019_05:30:00_ARU",0,2,0,0,0,0,0,0,1,0,0,0,0,0,0,1,0,0,0,0,0,3,0,0,0,0,0,0,0,0,0,0,0,1,0,1,0,0,0,0,0,0,0,0,0,0,2,0,0,0,0,0,0,0,1,0,"FRASE_B7","FRASE","B",7,"FRASE_B"
"FRASE_B7_7/3/2019_03:30:00_ARU",0,1,0,0,0,0,0,0,0,0,0,0,0,0,0,0,0,0,0,0,0,3,0,0,0,0,0,0,0,0,0,0,0,0,0,0,0,0,0,0,0,0,0,0,0,0,4,0,0,0,0,0,0,0,0,0,"FRASE_B7","FRASE","B",7,"FRASE_B"
"FRASE_B7_7/5/2019_07:45:00_ARU",0,0,0,0,0,0,0,0,0,0,0,0,0,0,0,0,0,0,0,0,0,2,0,0,0,0,0,0,0,0,0,0,0,1,0,1,0,0,0,0,0,0,0,0,0,0,1,0,0,0,0,0,0,0,0,0,"FRASE_B7","FRASE","B",7,"FRASE_B"
"FRASE_S1_7/3/2019_07:15:00_ARU",0,0,0,0,0,0,0,0,0,0,0,0,0,0,0,2,0,0,0,0,0,1,0,0,0,0,0,0,0,0,0,0,0,0,0,1,0,0,0,0,0,0,0,0,0,0,2,0,0,0,0,0,0,0,0,0,"FRASE_S1","FRASE","S",1,"FRASE_S"
"FRASE_S1_7/6/2019_04:45:00_ARU",0,0,0,0,0,0,0,0,0,0,0,0,0,0,0,2,0,1,0,0,0,1,0,0,0,0,0,0,0,0,0,0,0,0,0,0,0,0,0,0,0,0,0,0,0,0,3,0,0,0,0,0,0,0,0,0,"FRASE_S1","FRASE","S",1,"FRASE_S"
"GLAVE_A1_6/22/2019_04:15:00_ARU",0,0,0,0,0,0,0,0,0,0,0,0,0,0,0,3,0,2,0,0,0,0,0,0,0,0,0,0,0,0,0,0,0,0,0,0,0,0,3,0,0,0,0,0,0,0,0,0,0,0,0,0,1,0,0,0,"GLAVE_A1","GLAVE","A",1,"GLAVE_A"
"GLAVE_A1_6/23/2019_06:30:00_ARU",0,0,0,0,0,0,0,0,0,0,0,0,0,0,0,4,0,2,0,0,0,1,0,0,0,1,0,0,0,0,0,1,0,0,0,1,0,0,1,0,0,0,0,0,0,0,0,0,0,0,0,0,4,0,0,0,"GLAVE_A1","GLAVE","A",1,"GLAVE_A"
"GLAVE_A1_6/28/2019_04:45:00_ARU",0,0,0,0,0,0,0,0,0,0,0,0,0,0,0,3,0,1,0,0,0,1,0,0,0,1,0,0,0,0,0,0,0,0,0,0,0,0,2,0,0,0,0,0,0,0,0,0,0,0,0,0,1,0,0,0,"GLAVE_A1","GLAVE","A",1,"GLAVE_A"
"GLAVE_A1_7/18/2019_05:00:00_ARU",0,0,0,0,0,0,0,0,0,0,0,2,0,0,0,0,0,1,0,0,0,1,0,0,0,0,0,0,0,0,0,0,0,0,0,0,0,0,0,0,0,0,0,0,0,0,0,0,0,0,0,0,0,0,0,0,"GLAVE_A1","GLAVE","A",1,"GLAVE_A"
"GLAVE_A1_7/19/2019_05:00:00_ARU",0,0,0,0,0,0,0,0,0,0,0,0,0,0,0,0,0,0,0,0,0,5,0,0,0,0,0,0,0,0,0,0,0,0,0,0,0,0,0,0,0,0,0,0,0,0,0,0,0,0,0,0,0,0,0,0,"GLAVE_A1","GLAVE","A",1,"GLAVE_A"
"GLAVE_A3_6/27/2019_05:45:00_ARU",1,0,0,0,0,0,0,0,0,0,0,0,0,0,0,1,0,0,0,0,0,0,0,0,0,0,0,0,0,0,0,0,0,0,0,0,0,0,2,0,0,0,0,0,0,0,0,0,0,0,0,0,1,0,0,0,"GLAVE_A3","GLAVE","A",3,"GLAVE_A"
"GLAVE_A3_7/2/2019_08:00:00_ARU",1,0,0,0,0,0,0,0,0,0,0,0,0,0,0,0,0,0,0,0,0,0,0,0,0,0,0,0,0,0,0,0,0,0,0,0,0,0,0,0,0,0,0,0,0,0,0,0,0,0,0,0,0,0,0,0,"GLAVE_A3","GLAVE","A",3,"GLAVE_A"
"GLAVE_A5_6/22/2019_06:00:00_ARU",0,0,0,0,0,0,0,0,0,0,0,0,0,0,0,3,0,0,0,0,0,1,0,0,0,0,0,0,0,0,0,0,0,0,0,0,0,0,2,0,0,0,0,0,0,0,0,0,0,0,0,0,3,0,0,0,"GLAVE_A5","GLAVE","A",5,"GLAVE_A"
"GLAVE_A5_7/1/2019_05:15:00_ARU",0,0,0,0,0,0,0,0,0,0,0,0,0,0,0,3,0,1,0,0,0,1,0,0,0,0,0,0,0,0,0,0,0,0,0,0,0,0,1,0,0,0,0,0,0,0,0,0,0,0,0,0,0,0,0,0,"GLAVE_A5","GLAVE","A",5,"GLAVE_A"
"GLAVE_A5_7/22/2019_05:45:00_ARU",0,0,0,0,0,0,0,0,0,0,0,1,0,0,0,0,0,0,0,0,0,0,0,0,0,0,0,0,0,0,0,0,0,0,0,1,0,0,0,0,0,0,0,0,0,0,0,0,0,0,0,0,0,0,0,0,"GLAVE_A5","GLAVE","A",5,"GLAVE_A"
"GLAVE_A5_7/3/2019_06:00:00_ARU",0,0,0,0,0,0,0,0,0,0,0,0,0,0,0,2,0,1,0,0,0,3,0,0,0,1,0,0,0,0,0,0,0,0,0,0,0,0,2,0,0,0,0,0,0,0,0,0,0,0,0,0,1,0,0,0,"GLAVE_A5","GLAVE","A",5,"GLAVE_A"
"GLAVE_B1_6/23/2019_06:15:00_ARU",0,0,0,0,0,0,0,0,0,0,0,0,0,0,0,0,0,0,0,0,0,1,0,0,0,0,0,0,0,0,1,0,0,1,0,0,0,1,0,0,0,0,0,0,0,1,3,0,0,2,0,0,1,0,0,0,"GLAVE_B1","GLAVE","B",1,"GLAVE_B"
"GLAVE_B1_6/25/2019_07:45:00_ARU",0,0,0,0,0,0,0,0,0,0,0,0,0,0,0,1,0,0,0,0,0,1,0,0,0,0,0,0,0,0,0,0,0,1,0,1,0,1,0,0,0,0,0,0,0,2,1,0,0,3,0,0,0,0,0,0,"GLAVE_B1","GLAVE","B",1,"GLAVE_B"
"GLAVE_B1_6/28/2019_07:15:00_ARU",0,0,0,0,0,0,0,0,0,0,0,0,0,0,0,1,0,0,0,0,0,0,0,0,0,0,0,0,0,0,0,0,0,1,0,2,0,2,0,0,0,0,0,0,0,1,1,0,0,2,0,0,0,0,1,0,"GLAVE_B1","GLAVE","B",1,"GLAVE_B"
"GLAVE_B1_6/30/2019_04:15:00_ARU",0,0,0,0,0,0,0,0,0,0,0,0,0,0,0,1,0,0,0,0,0,1,0,0,0,0,0,0,0,0,0,0,0,2,0,0,0,0,0,0,0,0,1,0,0,0,4,0,0,0,0,0,0,0,0,0,"GLAVE_B1","GLAVE","B",1,"GLAVE_B"
"GLAVE_B1_7/22/2019_07:00:00_ARU",0,0,0,0,0,0,0,0,0,0,0,0,0,0,0,1,2,0,0,0,0,0,0,0,0,0,0,0,0,0,1,0,0,0,0,2,0,1,0,0,0,0,0,0,0,0,1,0,0,3,0,0,0,0,1,0,"GLAVE_B1","GLAVE","B",1,"GLAVE_B"
"GLAVE_B1_7/23/2019_07:00:00_ARU",0,0,0,0,0,0,0,0,0,0,0,0,0,0,0,0,1,0,0,0,0,0,0,0,0,0,0,0,0,0,2,0,0,0,0,0,0,0,0,0,0,0,0,0,0,0,3,0,0,2,0,0,1,0,0,0,"GLAVE_B1","GLAVE","B",1,"GLAVE_B"
"GLAVE_B1_7/24/2019_07:15:00_ARU",0,0,0,0,0,0,0,0,0,0,0,0,0,0,0,0,0,0,0,0,0,1,0,0,0,0,0,0,0,0,2,0,0,0,0,1,0,0,0,0,0,0,0,0,0,0,0,0,0,2,0,0,0,0,0,0,"GLAVE_B1","GLAVE","B",1,"GLAVE_B"
"GLAVE_B3_6/25/2019_07:30:00_ARU",0,0,0,0,0,0,0,0,0,0,0,0,0,2,0,2,2,0,0,0,0,3,0,0,0,0,0,0,0,0,0,1,0,0,0,2,0,1,0,0,0,0,0,0,0,1,0,0,0,0,0,0,4,0,1,0,"GLAVE_B3","GLAVE","B",3,"GLAVE_B"
"GLAVE_B3_6/29/2019_05:15:00_ARU",0,0,0,0,0,0,0,0,0,0,0,0,0,0,0,1,1,0,0,0,0,2,0,0,0,0,0,0,0,0,0,1,0,0,0,2,0,0,0,0,0,0,0,0,0,0,2,0,0,2,0,0,1,0,0,0,"GLAVE_B3","GLAVE","B",3,"GLAVE_B"
"GLAVE_B3_7/1/2019_06:30:00_ARU",0,0,0,0,0,0,0,0,0,0,0,0,0,0,0,2,1,0,0,0,0,3,0,0,0,0,1,0,0,0,0,1,0,1,0,1,0,1,0,0,0,0,0,0,0,1,3,0,0,2,0,0,1,0,1,0,"GLAVE_B3","GLAVE","B",3,"GLAVE_B"
"GLAVE_B3_7/21/2019_05:00:00_ARU",0,0,0,0,0,0,0,0,0,0,0,0,0,0,0,0,0,0,0,0,0,4,0,0,0,0,0,0,0,0,0,0,0,0,0,0,0,0,0,0,0,0,0,0,0,0,3,0,0,0,0,0,0,0,0,0,"GLAVE_B3","GLAVE","B",3,"GLAVE_B"
"GLAVE_B3_7/23/2019_05:15:00_ARU",0,0,0,0,0,0,0,0,0,0,0,0,0,0,0,0,0,0,0,0,0,1,0,0,0,0,0,0,0,0,0,0,0,0,0,0,0,0,0,0,0,0,0,0,0,0,2,0,0,1,0,0,0,0,0,0,"GLAVE_B3","GLAVE","B",3,"GLAVE_B"
"GLAVE_B3_7/31/2019_05:00:00_ARU",0,0,0,0,0,0,0,0,0,0,0,0,0,0,0,0,0,0,0,0,0,2,0,0,0,0,0,0,0,0,0,0,0,0,0,0,0,0,0,0,0,0,0,0,0,0,2,0,0,0,0,0,0,0,0,0,"GLAVE_B3","GLAVE","B",3,"GLAVE_B"
"GLAVE_B5_6/24/2019_08:00:00_ARU",0,0,0,0,0,0,0,0,0,0,0,0,0,0,0,0,1,0,0,0,0,2,0,0,0,0,0,0,0,0,0,0,1,0,0,0,0,1,0,0,0,0,0,0,0,1,1,0,0,0,0,0,2,0,0,0,"GLAVE_B5","GLAVE","B",5,"GLAVE_B"
"GLAVE_B5_6/27/2019_04:00:00_ARU",0,0,0,0,0,0,0,0,0,0,0,0,0,0,0,0,0,0,0,0,0,2,0,0,0,0,0,0,0,0,0,0,0,1,0,0,0,0,0,0,0,0,1,0,0,0,2,0,0,0,0,0,0,0,0,0,"GLAVE_B5","GLAVE","B",5,"GLAVE_B"
"GLAVE_B5_6/29/2019_06:00:00_ARU",0,0,0,0,0,0,0,0,0,0,0,0,0,0,0,0,1,0,0,0,0,3,0,0,0,0,0,0,0,0,0,0,0,1,0,0,0,0,0,0,0,0,0,0,0,0,0,0,0,1,0,0,0,0,1,0,"GLAVE_B5","GLAVE","B",5,"GLAVE_B"
"GLAVE_B5_6/30/2019_04:30:00_ARU",0,0,0,0,0,0,0,0,0,0,0,0,0,0,0,0,1,0,0,0,0,3,0,0,0,0,0,0,0,0,0,0,0,1,0,1,0,0,0,0,0,0,0,0,0,0,1,0,0,1,0,0,0,0,0,0,"GLAVE_B5","GLAVE","B",5,"GLAVE_B"
"GLAVE_B5_7/17/2019_07:30:00_ARU",0,1,0,0,0,0,0,0,0,0,0,0,0,0,0,0,0,0,0,0,0,1,0,0,0,0,0,0,0,0,0,0,0,0,0,3,0,0,0,0,0,0,1,0,0,0,1,0,0,1,0,0,0,0,0,0,"GLAVE_B5","GLAVE","B",5,"GLAVE_B"
"GLAVE_B5_7/21/2019_06:30:00_ARU",0,0,0,0,0,0,0,0,0,0,0,0,0,0,0,0,1,0,0,0,0,1,0,0,0,0,0,0,0,0,0,0,0,0,0,1,0,0,0,0,0,0,0,0,0,0,1,0,0,3,0,0,0,0,0,0,"GLAVE_B5","GLAVE","B",5,"GLAVE_B"
"GLAVE_S2_6/21/2019_07:30:00_ARU",0,0,0,0,0,0,0,0,0,0,0,0,0,0,0,2,0,2,0,0,0,0,0,0,0,1,0,0,0,0,0,1,0,0,0,0,0,0,2,0,0,0,0,0,0,0,0,0,0,0,0,0,3,0,2,0,"GLAVE_S2","GLAVE","S",2,"GLAVE_S"
"GLAVE_S2_6/28/2019_05:45:00_ARU",0,0,0,0,0,0,0,0,0,0,0,0,0,0,0,1,0,3,0,0,0,3,0,0,0,2,0,0,0,0,0,0,0,0,0,1,0,0,2,0,0,0,0,0,0,0,0,0,0,0,0,0,2,0,1,0,"GLAVE_S2","GLAVE","S",2,"GLAVE_S"
"GLAVE_S2_6/29/2019_07:15:00_ARU",0,0,0,0,0,0,0,0,0,0,0,0,0,0,0,1,0,3,0,0,0,2,0,0,0,2,0,0,0,0,0,1,0,0,0,0,0,0,1,0,0,0,0,0,0,0,0,0,0,0,0,0,2,0,0,1,"GLAVE_S2","GLAVE","S",2,"GLAVE_S"
"GLAVE_S2_6/30/2019_07:00:00_ARU",0,0,0,0,0,0,0,0,0,0,0,0,0,0,0,3,0,1,0,0,0,3,0,0,0,3,0,0,0,0,0,0,0,0,0,1,0,0,2,0,0,0,0,0,0,0,0,0,0,0,0,0,0,0,0,1,"GLAVE_S2","GLAVE","S",2,"GLAVE_S"
"GLAVE_S2_7/23/2019_06:00:00_ARU",0,0,0,0,0,0,0,0,0,0,0,1,0,0,0,0,0,0,0,0,0,0,0,0,0,0,0,0,0,0,0,0,0,0,0,0,0,0,0,0,0,0,0,0,0,0,0,0,0,0,0,0,1,0,0,0,"GLAVE_S2","GLAVE","S",2,"GLAVE_S"
"GLAVE_S4_6/22/2019_04:30:00_ARU",0,0,0,0,0,0,0,0,0,0,0,0,0,1,0,1,0,0,0,0,0,2,0,0,0,0,0,0,0,0,0,1,0,0,0,0,0,1,0,0,1,0,0,0,0,0,1,0,0,0,0,0,0,0,1,0,"GLAVE_S4","GLAVE","S",4,"GLAVE_S"
"GLAVE_S4_6/28/2019_08:00:00_ARU",0,0,0,0,0,0,0,0,0,0,0,0,0,0,0,1,0,0,0,0,0,2,0,0,0,0,0,0,0,0,0,1,0,0,0,2,0,1,0,0,0,0,0,0,0,0,0,0,0,0,0,0,1,0,1,0,"GLAVE_S4","GLAVE","S",4,"GLAVE_S"
"GLAVE_S4_6/29/2019_06:15:00_ARU",0,0,0,0,0,0,0,0,0,0,0,0,0,1,0,2,0,0,0,0,0,4,0,0,0,1,0,0,0,0,0,1,0,0,0,0,0,0,0,0,1,0,0,0,0,0,1,0,0,0,0,0,1,0,0,0,"GLAVE_S4","GLAVE","S",4,"GLAVE_S"
"GLAVE_S6_6/26/2019_04:30:00_ARU",0,1,0,0,0,0,0,0,0,0,0,0,0,0,0,3,0,2,0,0,0,0,0,0,0,3,0,0,0,0,0,0,0,0,0,0,0,0,1,0,0,0,0,0,0,0,0,0,0,0,0,0,1,0,0,0,"GLAVE_S6","GLAVE","S",6,"GLAVE_S"
"GLAVE_S6_6/28/2019_04:45:00_ARU",0,0,0,0,0,0,0,0,0,0,0,0,0,0,0,2,0,1,0,0,0,2,0,0,0,1,0,0,0,0,0,0,0,0,0,0,0,0,0,0,0,0,0,0,0,0,0,0,0,0,0,0,1,0,0,0,"GLAVE_S6","GLAVE","S",6,"GLAVE_S"
"KUSAW_A2_6/28/2019_05:45:00_ARU",1,0,0,0,0,0,0,0,0,0,0,0,0,0,0,0,0,0,0,0,0,1,0,0,0,0,0,0,0,0,0,0,0,0,0,0,0,0,0,1,0,0,0,0,0,0,0,0,0,0,0,0,0,0,0,0,"KUSAW_A2","KUSAW","A",2,"KUSAW_A"
"KUSAW_A2_7/19/2019_06:15:00_ARU",0,0,0,0,0,0,0,0,0,0,0,0,0,0,0,0,0,0,0,0,0,1,0,0,0,0,0,0,0,0,0,0,0,0,0,0,0,0,0,0,0,0,0,0,0,0,0,0,0,0,0,0,0,0,0,0,"KUSAW_A2","KUSAW","A",2,"KUSAW_A"
"KUSAW_A2_7/2/2019_06:00:00_ARU",2,0,0,0,0,0,0,0,0,0,0,0,0,0,0,1,0,0,0,0,0,1,0,0,0,0,0,0,0,0,0,0,0,0,0,0,0,0,0,0,0,0,0,0,0,0,0,0,0,0,0,0,0,0,0,0,"KUSAW_A2","KUSAW","A",2,"KUSAW_A"
"KUSAW_A2_7/3/2019_07:15:00_ARU",2,0,0,0,0,0,0,0,0,0,0,0,0,0,0,1,0,1,0,0,0,1,0,0,0,0,0,0,0,0,0,0,0,0,0,0,0,0,0,0,0,0,0,0,0,0,0,0,0,0,0,0,0,0,0,0,"KUSAW_A2","KUSAW","A",2,"KUSAW_A"
"KUSAW_A2_7/31/2019_05:15:00_ARU",0,0,0,0,0,0,0,0,0,0,0,1,0,0,0,0,0,0,0,0,0,0,0,0,0,0,0,0,0,0,0,0,0,0,0,0,0,0,0,0,0,0,0,0,0,0,0,0,0,0,0,0,0,0,0,0,"KUSAW_A2","KUSAW","A",2,"KUSAW_A"
"KUSAW_A4_6/24/2019_03:45:00_ARU",0,1,0,0,0,0,0,0,0,0,0,0,0,0,0,3,0,4,0,0,0,1,0,0,0,0,0,0,0,0,0,0,0,0,0,0,0,0,1,0,0,0,0,0,0,0,0,0,0,0,0,0,0,0,0,0,"KUSAW_A4","KUSAW","A",4,"KUSAW_A"
"KUSAW_A4_6/28/2019_05:45:00_ARU",1,0,0,0,0,0,0,0,0,0,0,0,0,0,0,0,0,0,0,0,0,0,0,0,0,0,0,0,0,0,0,0,0,0,0,0,0,0,0,0,0,0,0,0,0,0,0,0,0,0,0,0,0,0,0,0,"KUSAW_A4","KUSAW","A",4,"KUSAW_A"
"KUSAW_A4_7/1/2019_08:00:00_ARU",1,0,0,0,0,0,0,0,0,0,0,0,0,0,0,0,0,1,0,0,0,0,2,0,0,0,0,0,0,0,0,0,0,0,0,0,0,0,1,0,0,0,0,0,0,0,0,0,0,0,0,0,0,0,0,0,"KUSAW_A4","KUSAW","A",4,"KUSAW_A"
"KUSAW_A4_7/2/2019_07:30:00_ARU",1,0,0,0,0,0,0,0,0,0,0,0,0,0,0,1,0,2,0,0,0,2,0,0,0,0,0,0,0,0,0,0,0,0,0,0,0,0,0,0,0,0,0,0,0,0,0,0,0,0,0,0,0,0,0,0,"KUSAW_A4","KUSAW","A",4,"KUSAW_A"
"KUSAW_A4_7/20/2019_07:30:00_ARU",0,0,0,0,0,0,0,0,0,0,0,0,0,0,0,0,0,0,0,0,0,1,0,1,0,0,0,0,0,0,0,0,0,0,0,0,0,0,0,0,0,0,0,0,0,0,0,0,0,0,0,0,0,0,0,0,"KUSAW_A4","KUSAW","A",4,"KUSAW_A"
"KUSAW_A4_7/21/2019_05:30:00_ARU",0,0,0,0,0,0,0,0,0,0,0,0,0,0,0,0,0,1,0,0,0,1,0,0,0,0,0,0,0,0,0,0,0,0,0,0,0,0,0,0,0,0,0,0,0,0,0,0,0,0,0,0,0,0,0,0,"KUSAW_A4","KUSAW","A",4,"KUSAW_A"
"KUSAW_A4_7/29/2019_05:15:00_ARU",0,0,0,0,0,0,0,0,0,0,0,0,0,0,0,0,0,0,0,0,0,0,0,0,0,0,0,0,0,0,0,0,0,0,0,0,0,0,0,0,0,0,0,0,0,0,0,0,0,0,2,0,0,0,0,0,"KUSAW_A4","KUSAW","A",4,"KUSAW_A"
"KUSAW_A5_6/26/2019_03:45:00_ARU",0,0,0,0,0,0,0,0,0,0,0,0,0,0,0,0,0,0,0,0,0,1,0,0,0,0,0,0,0,0,0,0,0,0,0,0,0,0,0,0,0,0,0,0,0,0,0,0,0,0,0,0,0,0,0,0,"KUSAW_A5","KUSAW","A",5,"KUSAW_A"
"KUSAW_A5_6/27/2019_07:30:00_ARU",1,0,0,0,0,0,0,0,0,0,0,0,0,0,0,0,0,0,0,0,0,0,1,0,0,0,0,0,0,0,0,0,0,0,0,0,0,0,0,0,0,0,0,0,0,0,0,0,0,0,0,1,0,0,0,0,"KUSAW_A5","KUSAW","A",5,"KUSAW_A"
"KUSAW_A5_7/3/2019_05:00:00_ARU",2,0,0,0,0,0,0,0,0,0,0,0,0,0,0,0,0,1,0,0,0,1,0,0,0,0,0,0,0,0,0,0,0,0,0,0,0,0,0,0,0,0,0,0,0,0,0,0,0,0,0,0,0,0,0,0,"KUSAW_A5","KUSAW","A",5,"KUSAW_A"
"KUSAW_A5_7/31/2019_04:45:00_ARU",0,0,0,0,0,0,0,0,0,0,0,0,0,0,0,0,0,0,0,0,0,0,0,0,0,0,0,0,0,0,0,0,0,0,0,0,0,0,0,0,0,0,0,0,0,0,0,0,1,0,0,0,0,0,0,0,"KUSAW_A5","KUSAW","A",5,"KUSAW_A"
"KUSAW_A5_7/5/2019_03:45:00_ARU",0,0,0,0,0,0,0,0,0,0,0,0,0,0,0,0,0,0,0,0,0,1,0,0,0,0,0,0,0,0,0,0,0,0,0,0,0,0,0,0,0,0,0,0,0,0,0,0,0,0,0,1,0,0,0,0,"KUSAW_A5","KUSAW","A",5,"KUSAW_A"
"KUSAW_A7_7/22/2019_07:00:00_ARU",1,0,0,0,0,0,0,0,0,0,0,1,0,0,0,0,0,0,0,0,0,0,0,0,0,0,0,0,0,0,0,0,0,0,0,0,0,0,0,0,0,0,0,0,0,0,0,0,0,0,0,0,0,0,0,0,"KUSAW_A7","KUSAW","A",7,"KUSAW_A"
"KUSAW_A7_7/4/2019_04:45:00_ARU",0,0,0,0,0,0,0,0,0,0,0,0,0,0,0,0,0,0,0,0,0,0,1,0,0,0,0,0,0,0,0,0,0,0,0,0,0,0,0,0,0,0,0,0,0,0,0,0,0,0,0,0,0,0,0,0,"KUSAW_A7","KUSAW","A",7,"KUSAW_A"
"KUSAW_S2_6/22/2019_06:00:00_ARU",0,0,2,0,0,0,0,0,0,0,0,1,1,0,0,3,0,2,0,0,0,0,0,0,1,0,0,0,0,0,0,1,0,0,0,0,0,0,1,0,0,0,0,0,0,0,0,1,0,0,0,1,0,0,0,0,"KUSAW_S2","KUSAW","S",2,"KUSAW_S"
"KUSAW_S2_6/28/2019_05:30:00_ARU",0,1,1,0,0,0,0,0,0,0,0,0,0,0,0,3,0,1,0,0,0,0,0,0,0,0,0,0,0,0,0,1,0,0,0,0,0,0,0,0,0,0,0,0,0,0,0,1,0,0,0,0,2,0,0,0,"KUSAW_S2","KUSAW","S",2,"KUSAW_S"
"KUSAW_S2_6/30/2019_07:15:00_ARU",0,0,2,0,0,0,0,0,0,0,0,1,0,0,0,0,0,2,1,0,0,0,0,0,0,0,0,0,0,0,0,0,0,0,0,0,0,0,1,0,0,0,0,0,0,0,0,1,0,0,0,2,1,0,0,0,"KUSAW_S2","KUSAW","S",2,"KUSAW_S"
"KUSAW_S2_7/19/2019_06:00:00_ARU",0,0,2,0,0,0,0,0,0,0,0,0,1,0,0,0,0,0,1,0,0,0,0,0,0,0,0,0,0,0,0,0,0,0,0,0,0,0,0,0,0,0,0,0,0,0,0,0,0,0,0,0,0,0,0,1,"KUSAW_S2","KUSAW","S",2,"KUSAW_S"
"KUSAW_S2_7/20/2019_08:00:00_ARU",0,0,1,0,0,0,0,0,0,0,0,0,1,0,0,0,0,0,1,0,0,0,0,0,0,0,0,0,0,0,0,0,0,0,0,0,0,0,0,0,0,0,0,0,0,0,0,0,0,0,0,0,0,0,0,0,"KUSAW_S2","KUSAW","S",2,"KUSAW_S"
"KUSAW_S2_7/24/2019_04:15:00_ARU",0,0,0,0,0,0,0,0,1,0,0,0,0,0,0,0,0,0,0,0,0,0,0,0,0,0,0,0,0,0,0,0,0,0,0,0,0,0,0,0,0,0,0,0,0,0,0,0,0,0,1,0,0,0,0,0,"KUSAW_S2","KUSAW","S",2,"KUSAW_S"
"KUSAW_S2_7/3/2019_07:30:00_ARU",0,0,3,0,0,0,0,0,0,0,0,1,1,0,0,4,0,1,2,0,0,1,0,0,0,0,0,0,0,0,0,2,0,0,0,0,0,0,0,0,0,0,0,0,0,0,0,1,0,0,0,2,1,0,0,1,"KUSAW_S2","KUSAW","S",2,"KUSAW_S"
"KUSAW_S4_6/25/2019_07:30:00_ARU",0,0,2,0,0,0,0,0,0,0,0,1,1,0,0,4,0,2,0,0,0,1,0,0,0,1,0,1,0,0,0,1,0,0,0,0,0,0,2,0,0,0,0,0,0,0,0,1,0,0,0,1,2,0,0,0,"KUSAW_S4","KUSAW","S",4,"KUSAW_S"
"KUSAW_S4_6/27/2019_06:30:00_ARU",0,0,1,0,0,0,0,0,0,0,0,1,0,0,0,3,0,1,2,0,0,0,0,0,2,0,0,0,0,0,0,0,0,0,0,0,0,0,3,0,0,0,0,0,0,0,0,0,0,0,0,2,2,0,0,0,"KUSAW_S4","KUSAW","S",4,"KUSAW_S"
"KUSAW_S4_6/28/2019_07:30:00_ARU",0,0,2,0,0,0,0,0,0,0,0,0,0,0,0,3,0,2,1,0,0,1,0,0,1,1,0,0,0,0,0,0,0,0,0,0,0,0,3,0,0,0,0,0,0,0,0,0,0,0,0,2,3,0,0,0,"KUSAW_S4","KUSAW","S",4,"KUSAW_S"
"KUSAW_S4_7/22/2019_05:15:00_ARU",0,0,0,0,0,0,0,0,0,0,0,0,1,0,0,0,0,1,1,0,0,0,0,0,0,1,0,1,0,0,0,0,0,0,0,0,0,0,0,0,0,0,0,0,0,0,0,0,0,0,1,0,0,0,0,0,"KUSAW_S4","KUSAW","S",4,"KUSAW_S"
"KUSAW_S4_7/30/2019_05:30:00_ARU",0,0,0,0,0,0,0,0,0,0,0,0,0,0,0,0,0,0,2,0,0,0,0,0,0,1,0,0,0,0,0,0,0,0,0,0,0,0,1,0,0,0,0,0,0,0,0,0,0,0,0,0,0,0,0,0,"KUSAW_S4","KUSAW","S",4,"KUSAW_S"
"KUSAW_S4_7/4/2019_08:00:00_ARU",0,0,0,0,0,0,0,0,0,0,0,0,1,0,0,3,0,1,2,0,0,1,0,0,0,1,0,0,0,0,0,1,0,0,0,0,0,0,3,0,0,0,0,0,0,0,0,0,0,0,0,1,1,0,0,1,"KUSAW_S4","KUSAW","S",4,"KUSAW_S"
"KUSAW_S6_6/24/2019_07:00:00_ARU",0,0,1,0,0,0,0,0,0,0,0,1,0,0,0,3,0,3,1,0,0,1,0,0,1,0,0,0,0,0,0,0,0,0,0,0,0,0,1,0,0,0,0,0,0,0,0,1,0,0,0,0,3,0,0,0,"KUSAW_S6","KUSAW","S",6,"KUSAW_S"
"KUSAW_S6_6/29/2019_06:45:00_ARU",0,0,0,0,0,0,0,0,0,0,0,0,0,0,0,2,0,1,1,0,0,1,0,0,0,0,0,0,0,0,0,1,0,0,0,0,0,0,1,0,0,0,0,0,0,0,0,2,0,0,0,0,1,0,0,0,"KUSAW_S6","KUSAW","S",6,"KUSAW_S"
"KUSAW_S6_6/30/2019_04:45:00_ARU",0,0,3,0,0,0,0,0,0,0,0,0,0,0,0,2,0,3,2,0,0,1,0,0,0,0,0,0,0,0,0,1,0,0,0,0,0,0,1,0,0,0,0,0,0,0,0,1,0,0,0,0,0,0,0,0,"KUSAW_S6","KUSAW","S",6,"KUSAW_S"
"KUSAW_S6_7/2/2019_03:45:00_ARU",0,0,1,0,0,0,0,0,0,0,0,0,0,0,0,1,0,3,1,0,0,1,0,0,0,0,0,0,0,0,0,0,0,0,0,0,0,0,0,0,0,0,0,0,0,0,0,2,0,0,1,2,0,0,0,0,"KUSAW_S6","KUSAW","S",6,"KUSAW_S"
"KUSAW_S6_7/28/2019_06:30:00_ARU",0,0,0,0,0,0,0,0,0,0,0,1,0,0,0,0,0,1,0,0,0,0,0,0,0,0,0,0,0,0,0,0,0,0,0,0,0,0,0,0,0,0,0,0,0,0,0,1,0,0,0,0,1,0,0,0,"KUSAW_S6","KUSAW","S",6,"KUSAW_S"
"KUSAW_S6_8/3/2019_07:00:00_ARU",0,0,1,0,0,0,0,0,0,0,0,1,0,0,0,0,0,1,0,0,0,0,0,0,0,0,0,0,0,0,0,0,0,0,0,0,0,0,0,0,0,0,0,0,0,0,0,0,0,0,0,0,0,0,0,0,"KUSAW_S6","KUSAW","S",6,"KUSAW_S"
"KUSAW_S8_6/25/2019_05:15:00_ARU",0,0,0,0,0,0,0,0,0,0,0,0,0,0,0,3,0,2,0,0,0,2,0,0,0,0,0,0,0,0,0,1,0,0,0,0,0,0,3,0,0,0,0,0,0,0,0,0,0,0,0,0,3,0,0,0,"KUSAW_S8","KUSAW","S",8,"KUSAW_S"
"KUSAW_S8_6/28/2019_03:30:00_ARU",0,1,0,0,0,0,0,0,0,0,0,0,0,0,0,0,0,4,0,0,0,1,0,0,0,0,0,0,0,0,0,0,0,0,0,0,0,0,2,1,0,0,0,0,0,0,0,0,0,0,1,2,0,0,0,0,"KUSAW_S8","KUSAW","S",8,"KUSAW_S"
"KUSAW_S8_7/1/2019_08:00:00_ARU",0,0,0,0,0,0,0,0,0,0,0,0,0,0,0,1,0,6,0,0,0,1,0,0,0,0,0,0,0,0,0,2,0,0,0,1,0,0,1,0,0,0,0,0,0,0,0,0,0,0,0,0,1,0,0,0,"KUSAW_S8","KUSAW","S",8,"KUSAW_S"
"KUSAW_S8_7/2/2019_05:45:00_ARU",0,0,0,0,0,0,0,0,0,0,0,0,0,0,0,1,0,4,0,0,0,1,0,0,0,0,0,0,0,0,0,1,0,0,0,0,0,0,2,1,0,0,0,0,0,0,0,0,0,0,0,0,1,0,0,0,"KUSAW_S8","KUSAW","S",8,"KUSAW_S"
"KUSAW_S8_7/25/2019_06:45:00_ARU",0,0,0,0,0,0,0,0,0,0,0,1,0,0,0,0,0,1,0,0,0,0,0,0,0,0,0,0,0,0,0,0,0,0,0,0,0,0,0,1,0,0,0,0,0,0,0,0,0,0,0,0,0,0,0,0,"KUSAW_S8","KUSAW","S",8,"KUSAW_S"
"LORNE_A2_7/10/2019_04:45:00_ARU",0,0,0,0,0,0,0,0,1,0,0,0,0,2,1,0,0,1,0,0,0,0,0,0,0,0,0,0,0,0,0,1,0,0,0,0,0,0,0,0,0,0,0,0,0,0,0,0,0,1,0,0,0,0,0,0,"LORNE_A2","LORNE","A",2,"LORNE_A"
"LORNE_A2_7/6/2019_07:15:00_ARU",0,0,0,0,0,0,0,0,0,0,0,0,0,2,0,0,0,0,0,0,0,0,0,0,0,0,0,0,0,0,0,1,0,0,0,0,0,0,1,0,0,0,0,0,0,0,0,1,0,1,0,0,0,0,0,0,"LORNE_A2","LORNE","A",2,"LORNE_A"
"LORNE_A6_7/10/2019_07:00:00_ARU",0,0,0,0,0,0,0,0,0,0,0,0,0,0,0,0,0,1,0,0,0,0,0,0,0,0,0,0,0,0,0,0,0,0,0,0,0,0,0,0,0,0,0,0,0,0,0,0,0,0,0,0,0,0,0,0,"LORNE_A6","LORNE","A",6,"LORNE_A"
"LORNE_A6_7/12/2019_07:30:00_ARU",0,0,0,0,0,0,0,0,0,0,0,0,0,0,0,0,0,0,0,0,0,0,0,0,0,0,0,0,0,0,0,0,0,0,0,0,0,0,1,0,0,0,0,0,0,0,0,0,0,0,0,0,0,0,0,0,"LORNE_A6","LORNE","A",6,"LORNE_A"
"LORNE_A6_7/16/2019_04:00:00_ARU",0,0,0,0,0,0,0,0,0,0,0,0,0,0,0,0,0,0,0,0,0,0,0,0,0,0,0,0,0,0,0,0,0,0,0,0,1,0,0,0,0,0,0,0,0,0,0,0,0,0,0,0,0,0,0,0,"LORNE_A6","LORNE","A",6,"LORNE_A"
"LORNE_A7_7/11/2019_08:00:00_ARU",0,0,0,0,0,0,0,0,0,0,0,0,0,0,0,0,0,0,0,0,0,0,0,0,0,0,0,0,0,0,0,0,0,0,0,1,0,0,0,0,0,0,0,0,0,0,0,0,0,0,0,0,0,0,0,0,"LORNE_A7","LORNE","A",7,"LORNE_A"
"LORNE_A7_7/9/2019_05:15:00_ARU",0,0,0,0,0,0,0,0,0,0,0,0,0,0,0,0,0,0,0,0,0,0,0,0,0,0,0,0,0,0,0,0,0,0,0,1,0,0,0,0,0,0,0,0,0,0,0,0,0,0,0,0,0,0,0,0,"LORNE_A7","LORNE","A",7,"LORNE_A"
"LORNE_B2_7/10/2019_07:15:00_ARU",0,0,0,0,0,0,2,0,0,0,0,0,0,0,0,0,0,0,0,0,0,0,0,0,0,0,0,0,0,0,0,0,0,0,0,1,0,0,0,0,0,0,0,0,0,0,0,0,0,2,0,0,0,0,0,0,"LORNE_B2","LORNE","B",2,"LORNE_B"
"LORNE_B2_7/15/2019_06:45:00_ARU",0,0,0,0,0,0,0,0,0,0,1,0,0,0,0,0,0,0,0,0,0,0,0,0,0,0,0,0,0,0,0,0,0,0,0,0,0,0,0,0,0,0,0,0,0,0,0,0,0,1,0,0,0,0,0,0,"LORNE_B2","LORNE","B",2,"LORNE_B"
"LORNE_B4_7/10/2019_04:00:00_ARU",0,0,0,0,0,0,0,0,0,0,0,0,0,2,0,0,0,0,0,0,0,0,0,0,0,0,0,0,0,0,0,0,0,0,0,1,0,0,0,0,0,0,0,0,0,0,0,0,0,0,0,0,0,0,0,0,"LORNE_B4","LORNE","B",4,"LORNE_B"
"LORNE_B4_7/13/2019_06:15:00_ARU",0,0,0,0,0,0,0,0,0,0,0,0,0,0,0,0,0,0,0,0,0,0,0,0,0,0,0,0,0,0,0,0,0,0,0,0,0,0,0,0,0,0,0,0,0,0,0,0,0,4,0,0,0,0,0,0,"LORNE_B4","LORNE","B",4,"LORNE_B"
"LORNE_B4_7/15/2019_04:15:00_ARU",0,0,0,0,0,0,0,0,0,0,0,0,0,0,0,0,0,0,0,0,0,0,0,0,0,0,0,0,0,0,0,0,0,0,0,0,0,0,0,0,0,0,0,0,0,0,0,0,0,2,0,0,0,0,0,0,"LORNE_B4","LORNE","B",4,"LORNE_B"
"LORNE_B4_7/7/2019_07:15:00_ARU",0,0,0,0,0,0,0,0,0,0,0,0,0,0,0,0,0,0,0,0,0,0,0,0,0,0,0,0,0,0,0,0,0,0,0,0,0,0,0,0,0,0,0,0,0,0,0,0,0,2,0,0,0,0,0,0,"LORNE_B4","LORNE","B",4,"LORNE_B"
"LORNE_B6_7/11/2019_03:30:00_ARU",0,0,0,0,0,0,0,0,0,0,0,0,0,0,0,0,0,0,0,0,0,0,0,0,0,0,0,0,0,0,0,0,0,0,0,0,0,0,0,0,0,0,4,0,0,0,0,0,0,0,0,0,0,0,0,0,"LORNE_B6","LORNE","B",6,"LORNE_B"
"LORNE_B6_7/7/2019_08:00:00_ARU",0,0,0,0,0,0,2,0,0,0,0,0,0,0,0,0,0,0,0,0,0,0,0,0,0,0,0,0,0,0,0,0,0,0,0,0,0,0,0,0,0,0,0,0,0,0,0,0,0,2,0,0,0,0,0,0,"LORNE_B6","LORNE","B",6,"LORNE_B"
"LORNE_B6_7/9/2019_03:30:00_ARU",0,0,0,0,0,0,0,0,0,0,0,0,0,0,0,0,0,0,0,0,0,0,0,0,0,0,0,0,0,0,0,0,0,0,0,0,0,0,0,0,0,0,3,0,0,0,0,0,0,0,0,0,0,0,0,0,"LORNE_B6","LORNE","B",6,"LORNE_B"
"LORNE_S2_7/11/2019_06:15:00_ARU",0,0,0,0,0,0,0,0,0,0,0,0,0,1,0,0,0,0,0,0,0,0,0,0,0,0,0,0,0,0,0,0,0,0,0,1,0,0,0,0,0,0,0,0,0,0,0,0,0,1,0,0,0,0,2,0,"LORNE_S2","LORNE","S",2,"LORNE_S"
"LORNE_S2_7/20/2019_04:00:00_ARU",0,0,0,0,0,0,0,0,0,0,0,0,0,0,0,0,0,0,0,0,0,0,0,0,0,0,0,0,0,0,0,0,0,0,0,0,0,0,0,0,0,0,2,0,0,0,0,0,0,0,0,0,0,0,0,0,"LORNE_S2","LORNE","S",2,"LORNE_S"
"LORNE_S2_7/6/2019_07:00:00_ARU",0,0,0,0,0,0,0,0,1,0,0,0,0,1,0,0,0,0,0,0,0,0,0,0,0,0,0,0,0,0,0,1,0,0,0,0,0,0,0,0,0,0,2,1,0,0,0,0,0,1,0,0,0,0,1,0,"LORNE_S2","LORNE","S",2,"LORNE_S"
"LORNE_S4_7/10/2019_04:15:00_ARU",0,0,0,0,0,0,0,0,0,0,0,0,0,4,0,0,0,0,0,0,0,0,0,0,0,0,0,0,0,0,0,0,0,0,0,0,0,0,0,0,0,0,2,0,0,0,0,0,0,0,0,0,0,0,0,0,"LORNE_S4","LORNE","S",4,"LORNE_S"
"LORNE_S4_7/12/2019_05:00:00_ARU",0,0,0,0,0,0,0,0,0,0,0,0,0,1,0,0,0,0,0,0,0,0,0,0,0,0,0,0,0,0,0,1,0,0,0,0,0,0,0,0,0,0,1,0,0,0,0,0,0,0,0,0,0,0,0,0,"LORNE_S4","LORNE","S",4,"LORNE_S"
"LORNE_S6_7/11/2019_06:45:00_ARU",0,0,0,0,0,0,0,0,0,0,0,0,0,0,1,0,0,0,0,0,0,0,0,0,0,0,0,0,0,0,0,0,0,0,0,0,0,0,0,0,0,0,0,0,0,0,0,0,0,0,0,0,0,0,0,0,"LORNE_S6","LORNE","S",6,"LORNE_S"
"LORNE_S6_7/14/2019_07:45:00_ARU",0,0,0,0,0,0,0,0,0,0,0,0,0,0,1,0,0,0,0,0,0,0,0,0,0,0,0,0,0,0,0,0,0,0,0,1,0,0,0,0,0,0,0,0,0,0,0,0,0,1,0,0,0,0,0,0,"LORNE_S6","LORNE","S",6,"LORNE_S"
"LORNE_S6_7/19/2019_04:15:00_ARU",0,0,0,0,0,0,0,0,0,0,0,0,0,0,0,0,0,0,0,0,0,0,0,0,0,0,0,0,0,0,0,0,0,0,0,2,0,0,0,0,0,0,1,0,0,0,0,0,0,0,0,0,0,0,0,0,"LORNE_S6","LORNE","S",6,"LORNE_S"
"MACIN_B2_6/29/2019_07:45:00_ARU",0,0,0,0,1,0,1,0,0,0,0,0,0,2,0,0,0,0,0,0,1,0,0,0,0,1,0,0,1,0,1,0,0,0,0,0,0,0,0,0,0,0,2,1,0,0,0,0,0,1,0,0,2,0,1,0,"MACIN_B2","MACIN","B",2,"MACIN_B"
"MACIN_B2_6/30/2019_05:30:00_ARU",0,0,0,0,1,1,1,0,0,0,0,0,0,0,0,0,0,0,0,0,0,0,0,0,0,0,0,0,0,0,1,0,0,0,0,1,0,0,0,0,0,0,2,0,0,0,0,0,0,0,0,0,0,0,0,0,"MACIN_B2","MACIN","B",2,"MACIN_B"
"MACIN_B2_7/2/2019_07:00:00_ARU",0,0,0,0,1,0,0,0,1,0,0,0,0,2,0,0,0,0,0,0,1,0,0,0,0,1,0,0,0,0,0,0,0,0,0,1,0,1,0,0,0,0,2,1,0,0,0,0,0,2,0,0,0,0,1,0,"MACIN_B2","MACIN","B",2,"MACIN_B"
"MACIN_B2_8/4/2019_05:00:00_ARU",0,0,0,0,0,0,0,0,0,0,0,0,0,1,0,0,0,0,0,0,0,0,0,0,0,0,0,0,0,0,0,0,0,0,0,0,0,0,0,0,0,0,0,0,0,0,0,0,0,0,0,0,0,0,0,0,"MACIN_B2","MACIN","B",2,"MACIN_B"
"MACIN_B4_6/28/2019_03:30:00_ARU",0,0,0,0,0,0,0,0,0,0,0,0,0,1,0,0,0,0,0,0,0,1,0,0,0,0,0,0,0,0,0,0,0,0,0,0,0,0,0,0,0,0,1,0,0,0,0,0,0,0,0,0,0,0,1,0,"MACIN_B4","MACIN","B",4,"MACIN_B"
"MACIN_B4_7/22/2019_07:15:00_ARU",0,0,0,0,1,0,0,0,0,0,0,0,0,1,0,0,0,0,0,0,1,0,0,0,0,0,0,0,0,0,0,0,0,0,0,1,0,0,0,0,0,0,0,0,0,0,0,0,0,0,0,0,0,1,0,0,"MACIN_B4","MACIN","B",4,"MACIN_B"
"MACIN_B4_7/25/2019_05:15:00_ARU",0,0,0,0,0,0,0,0,0,0,0,0,0,0,0,0,0,0,0,0,1,0,0,0,0,0,0,0,0,0,0,0,0,0,0,0,0,0,0,0,0,0,0,0,0,0,0,0,0,0,0,0,0,0,0,0,"MACIN_B4","MACIN","B",4,"MACIN_B"
"MACIN_B4_7/29/2019_06:30:00_ARU",0,0,0,0,0,0,0,0,0,0,0,0,0,0,0,0,0,0,0,0,0,0,0,0,0,0,0,0,0,0,0,0,0,0,0,0,0,0,0,0,0,0,0,0,0,0,0,0,0,1,0,0,0,0,0,0,"MACIN_B4","MACIN","B",4,"MACIN_B"
"MACIN_B4_7/4/2019_07:15:00_ARU",0,1,0,0,1,0,0,0,0,0,0,0,0,2,0,0,0,0,0,0,0,1,0,0,0,0,0,0,0,0,0,0,0,0,0,1,0,0,0,0,0,0,1,0,0,0,0,0,0,0,0,0,0,0,1,0,"MACIN_B4","MACIN","B",4,"MACIN_B"
"MACIN_B4_7/5/2019_06:30:00_ARU",0,0,0,0,1,0,0,0,0,0,0,0,0,0,0,0,0,0,0,0,0,2,0,0,0,0,0,0,0,0,0,0,0,0,0,0,0,1,0,0,0,0,1,0,0,0,0,0,0,0,0,0,0,0,2,0,"MACIN_B4","MACIN","B",4,"MACIN_B"
"MACIN_B4_7/6/2019_04:30:00_ARU",0,0,0,0,0,0,0,0,0,0,0,0,0,2,0,0,0,0,0,0,1,2,0,0,0,0,0,0,0,0,0,0,0,0,0,0,0,0,0,0,0,0,0,0,0,0,0,0,0,0,0,0,0,1,0,0,"MACIN_B4","MACIN","B",4,"MACIN_B"
"MACIN_B4_8/1/2019_07:15:00_ARU",0,0,0,0,0,0,0,0,0,0,0,0,0,0,0,0,0,0,0,0,0,0,0,0,0,0,0,0,0,0,0,0,0,0,0,0,0,0,0,0,0,0,0,0,0,0,0,0,0,1,0,0,0,0,1,0,"MACIN_B4","MACIN","B",4,"MACIN_B"
"MACIN_B6_6/28/2019_06:30:00_ARU",0,0,0,0,2,0,0,0,0,0,0,0,0,1,0,0,0,0,0,0,0,1,0,0,0,0,0,0,0,0,0,0,0,0,0,0,0,0,0,0,0,0,0,0,0,0,0,0,0,1,0,0,1,0,2,0,"MACIN_B6","MACIN","B",6,"MACIN_B"
"MACIN_B6_7/3/2019_08:00:00_ARU",0,0,0,0,1,0,0,0,0,0,0,0,0,0,0,0,0,0,0,0,0,1,0,0,0,0,0,0,0,0,0,0,0,0,0,1,0,1,0,0,0,0,0,0,0,0,0,0,0,1,0,0,1,0,2,0,"MACIN_B6","MACIN","B",6,"MACIN_B"
"MACIN_B6_7/30/2019_06:30:00_ARU",0,0,0,0,2,0,0,0,0,0,0,0,0,0,0,0,0,0,0,0,0,0,0,0,0,0,0,0,0,0,0,0,0,0,0,0,0,0,0,0,0,0,0,0,0,0,0,0,0,1,0,0,0,0,0,0,"MACIN_B6","MACIN","B",6,"MACIN_B"
"MACIN_B6_7/6/2019_04:30:00_ARU",0,0,0,0,1,0,0,0,0,0,0,0,0,2,0,0,0,0,0,0,0,2,0,0,0,0,0,0,0,0,0,0,0,0,0,0,0,0,0,0,0,0,1,0,0,0,0,0,0,0,0,0,0,0,2,0,"MACIN_B6","MACIN","B",6,"MACIN_B"
"MACIN_S2_7/22/2019_07:15:00_ARU",0,0,0,0,0,0,0,0,0,0,0,0,0,0,1,0,0,0,0,0,0,0,0,0,0,0,0,0,0,0,0,0,0,0,0,2,0,0,2,0,0,0,0,0,0,0,0,0,0,0,0,0,1,0,0,0,"MACIN_S2","MACIN","S",2,"MACIN_S"
"MACIN_S2_7/5/2019_07:00:00_ARU",0,0,0,0,0,0,0,0,0,0,0,0,0,0,0,0,0,0,0,0,1,1,0,0,0,0,0,0,0,0,0,0,0,0,0,0,0,0,3,0,0,0,0,0,0,0,0,1,0,0,0,0,1,0,1,0,"MACIN_S2","MACIN","S",2,"MACIN_S"
"PARTO_A2_6/25/2019_03:45:00_ARU",0,0,0,0,0,0,0,0,0,0,0,0,0,0,0,0,0,3,0,0,0,0,0,0,0,0,0,0,0,0,0,0,0,0,0,0,0,0,2,0,0,0,0,0,0,0,0,0,0,0,1,0,0,0,0,0,"PARTO_A2","PARTO","A",2,"PARTO_A"
"PARTO_A2_6/27/2019_06:00:00_ARU",0,0,0,0,0,0,0,0,0,0,0,0,0,0,0,0,0,2,0,0,0,0,0,0,0,0,0,0,0,0,0,0,0,0,0,0,0,0,3,0,0,0,0,0,0,0,0,0,0,0,0,0,0,0,0,0,"PARTO_A2","PARTO","A",2,"PARTO_A"
"PARTO_A4_6/24/2019_07:00:00_ARU",0,0,1,0,0,0,0,1,0,0,0,1,0,0,0,1,0,1,0,0,0,1,0,0,0,0,0,0,0,0,0,1,0,0,0,0,0,0,1,0,0,0,0,0,0,0,0,3,0,0,0,1,3,0,0,0,"PARTO_A4","PARTO","A",4,"PARTO_A"
"PARTO_A4_6/25/2019_06:00:00_ARU",0,1,0,0,0,0,0,1,0,0,0,0,0,0,0,1,0,3,0,0,0,1,0,0,0,0,0,0,0,0,0,0,0,0,0,0,0,0,2,0,0,0,0,0,0,0,0,3,0,0,0,0,2,0,0,0,"PARTO_A4","PARTO","A",4,"PARTO_A"
"PARTO_A4_7/19/2019_05:15:00_ARU",0,0,0,0,0,0,0,0,0,0,0,0,0,0,0,0,0,1,0,0,0,0,0,0,0,0,0,0,0,0,0,0,0,0,0,0,0,0,0,0,0,0,0,0,0,0,0,1,0,0,0,0,0,0,0,0,"PARTO_A4","PARTO","A",4,"PARTO_A"
"PARTO_A4_7/2/2019_06:15:00_ARU",0,0,0,0,0,0,0,2,0,0,0,0,0,0,0,0,0,4,0,0,0,1,0,0,0,0,0,0,0,0,0,0,0,0,0,0,0,0,1,0,0,0,0,0,0,0,0,1,0,0,0,0,1,0,0,0,"PARTO_A4","PARTO","A",4,"PARTO_A"
"PARTO_A4_7/27/2019_07:30:00_ARU",0,0,0,0,0,0,0,0,0,0,0,1,0,0,0,0,0,0,0,0,0,0,0,0,0,0,0,0,0,0,0,0,0,0,0,0,0,0,0,0,0,0,0,0,0,0,0,0,0,0,0,0,0,0,0,0,"PARTO_A4","PARTO","A",4,"PARTO_A"
"PARTO_A4_7/3/2019_05:45:00_ARU",0,0,1,0,0,0,0,1,0,0,0,0,0,0,0,1,0,4,0,0,0,2,0,0,0,0,0,0,0,0,0,1,0,0,0,0,0,0,2,0,0,0,0,0,0,0,0,3,0,0,0,0,1,0,0,0,"PARTO_A4","PARTO","A",4,"PARTO_A"
"PARTO_A6_6/23/2019_03:45:00_ARU",0,0,0,0,0,0,0,0,0,0,0,0,0,0,0,0,0,0,0,0,0,0,0,0,0,0,0,0,0,0,0,0,0,0,0,0,0,0,0,0,0,0,0,0,0,0,0,0,0,0,0,1,0,0,0,0,"PARTO_A6","PARTO","A",6,"PARTO_A"
"PARTO_A6_6/28/2019_06:45:00_ARU",0,0,0,0,0,0,0,0,0,0,0,0,0,0,0,0,0,0,0,0,0,0,1,0,0,0,0,0,0,0,0,0,0,0,0,0,0,0,0,0,0,0,0,0,0,0,0,0,0,0,0,0,0,0,0,0,"PARTO_A6","PARTO","A",6,"PARTO_A"
"PARTO_A6_7/23/2019_06:45:00_ARU",0,0,0,0,0,0,0,0,0,0,0,0,0,0,0,0,0,0,0,0,0,0,0,0,0,0,0,0,0,0,0,0,0,0,0,0,0,0,0,0,0,0,0,0,0,0,0,0,0,1,0,0,0,0,0,0,"PARTO_A6","PARTO","A",6,"PARTO_A"
"PARTO_B2_6/20/2019_07:00:00_ARU",0,0,0,0,1,0,0,0,0,0,0,0,0,0,0,0,0,0,1,0,0,0,0,0,0,0,0,0,0,0,1,0,0,0,0,0,0,2,0,0,0,0,0,0,0,0,3,1,0,0,0,0,2,0,1,0,"PARTO_B2","PARTO","B",2,"PARTO_B"
"PARTO_B2_6/30/2019_06:15:00_ARU",0,0,0,0,2,0,0,0,0,0,0,0,0,0,0,0,0,0,1,0,1,0,0,0,0,0,0,0,0,0,1,0,0,0,0,0,0,0,0,0,0,0,3,0,0,0,2,1,0,1,0,1,0,0,1,0,"PARTO_B2","PARTO","B",2,"PARTO_B"
"PARTO_B2_7/1/2019_06:30:00_ARU",0,0,0,0,2,0,0,0,0,0,0,0,0,1,0,0,0,0,0,0,0,1,0,0,0,0,0,0,0,0,1,0,0,0,0,1,0,1,0,0,0,0,3,0,0,0,3,1,0,2,0,0,1,0,1,0,"PARTO_B2","PARTO","B",2,"PARTO_B"
"PARTO_B2_7/17/2019_05:45:00_ARU",0,0,0,0,0,0,0,0,0,0,0,0,0,0,0,0,0,0,1,0,0,0,0,0,0,0,0,0,0,0,0,0,0,0,0,0,0,0,0,0,0,0,1,0,0,0,1,0,0,2,0,0,0,0,0,0,"PARTO_B2","PARTO","B",2,"PARTO_B"
"PARTO_B2_7/2/2019_05:30:00_ARU",0,0,0,0,0,0,0,0,0,0,0,0,0,1,0,0,0,0,2,0,0,0,0,0,0,0,0,0,0,0,1,0,0,0,0,1,0,0,0,0,0,0,1,0,0,0,3,3,0,2,0,0,2,0,1,0,"PARTO_B2","PARTO","B",2,"PARTO_B"
"PARTO_B2_7/20/2019_06:30:00_ARU",0,0,0,0,1,0,0,0,0,0,0,0,0,0,0,0,0,0,0,0,1,0,0,0,0,0,0,0,0,0,1,0,0,0,0,0,0,0,0,0,0,0,0,0,0,0,0,0,0,3,0,0,0,0,0,0,"PARTO_B2","PARTO","B",2,"PARTO_B"
"PARTO_B2_7/26/2019_06:00:00_ARU",0,0,0,0,0,0,2,0,0,0,0,0,0,0,0,0,0,0,0,0,0,0,0,0,0,0,0,0,0,0,0,0,0,0,1,1,0,0,0,0,0,0,0,0,0,0,0,0,0,1,0,0,0,0,1,0,"PARTO_B2","PARTO","B",2,"PARTO_B"
"PARTO_B4_6/21/2019_06:00:00_ARU",0,1,0,0,1,0,0,0,0,0,0,0,0,0,0,0,0,0,1,0,0,0,0,0,0,0,0,0,0,0,0,0,0,0,0,0,0,1,0,0,0,0,0,0,0,0,4,1,0,1,0,0,2,0,2,0,"PARTO_B4","PARTO","B",4,"PARTO_B"
"PARTO_B4_6/23/2019_04:45:00_ARU",0,1,0,0,0,0,1,0,0,0,0,0,0,1,0,0,0,0,1,0,0,0,0,0,0,0,0,0,0,0,1,0,0,0,0,0,0,0,0,0,0,0,1,0,0,0,3,3,0,0,0,0,2,0,0,0,"PARTO_B4","PARTO","B",4,"PARTO_B"
"PARTO_B4_6/26/2019_05:00:00_ARU",0,1,0,0,2,0,2,0,0,0,0,0,0,1,0,0,0,0,2,0,0,0,0,0,0,0,0,0,0,0,1,0,0,0,0,0,0,1,0,0,0,0,0,0,0,0,4,1,0,0,0,1,1,0,1,0,"PARTO_B4","PARTO","B",4,"PARTO_B"
"PARTO_B4_6/27/2019_05:15:00_ARU",0,1,0,0,2,0,0,0,0,0,0,0,0,0,0,0,0,0,3,0,0,0,0,0,0,1,0,0,0,0,0,1,0,0,0,0,0,1,2,0,0,0,1,0,0,0,4,3,0,1,0,0,3,0,1,0,"PARTO_B4","PARTO","B",4,"PARTO_B"
"PARTO_B4_7/17/2019_05:45:00_ARU",0,0,0,0,1,0,0,0,0,0,0,0,0,0,0,0,0,0,1,0,2,0,0,0,0,0,0,0,0,0,0,0,0,0,0,0,0,2,0,0,0,0,0,0,0,0,0,0,0,4,0,0,0,0,0,0,"PARTO_B4","PARTO","B",4,"PARTO_B"
"PARTO_B4_7/24/2019_07:30:00_ARU",0,0,0,0,1,0,0,0,0,0,0,0,0,0,0,0,0,0,0,0,0,0,0,0,0,0,0,0,0,0,1,0,0,0,0,0,0,1,0,0,0,0,0,0,0,0,0,0,0,4,0,0,0,0,0,0,"PARTO_B4","PARTO","B",4,"PARTO_B"
"PARTO_B4_7/25/2019_07:00:00_ARU",0,1,0,0,1,0,0,0,0,0,0,1,0,0,0,0,0,0,1,0,0,0,0,0,0,0,0,0,0,0,0,0,0,0,0,1,0,1,0,0,0,0,0,0,0,0,0,0,0,3,0,0,0,0,0,0,"PARTO_B4","PARTO","B",4,"PARTO_B"
"PARTO_B6_6/20/2019_07:30:00_ARU",0,0,0,0,1,0,0,0,0,0,0,0,0,0,0,1,0,0,1,0,0,1,0,0,0,0,0,0,0,0,0,1,0,0,0,0,0,1,0,0,0,0,0,0,0,0,2,4,0,0,0,0,2,0,1,0,"PARTO_B6","PARTO","B",6,"PARTO_B"
"PARTO_B6_6/25/2019_07:15:00_ARU",0,2,0,0,3,0,0,0,0,0,0,0,0,0,0,1,0,0,0,0,0,1,0,0,0,0,0,0,0,0,0,0,0,0,0,1,0,1,0,0,0,0,0,0,0,0,4,2,0,0,0,1,2,0,2,1,"PARTO_B6","PARTO","B",6,"PARTO_B"
"PARTO_B6_6/26/2019_06:45:00_ARU",0,1,0,0,1,0,0,0,0,0,0,0,0,1,0,2,0,0,1,0,0,1,0,0,0,0,0,0,0,0,0,0,0,0,0,0,0,1,0,0,0,0,0,0,0,0,4,3,0,0,0,0,2,0,2,1,"PARTO_B6","PARTO","B",6,"PARTO_B"
"PARTO_B6_7/2/2019_05:15:00_ARU",0,0,0,0,2,0,0,0,0,0,0,0,0,1,0,1,0,0,2,0,2,1,0,0,0,0,0,0,0,0,1,2,0,0,0,0,0,0,1,0,0,0,0,0,0,0,4,2,0,2,0,0,0,0,0,0,"PARTO_B6","PARTO","B",6,"PARTO_B"
"PARTO_B6_7/25/2019_07:00:00_ARU",0,0,0,0,1,0,0,0,0,0,0,0,0,0,0,0,0,0,0,0,1,0,0,0,0,0,0,0,0,0,1,0,0,0,0,3,0,0,0,0,0,0,0,0,0,0,0,0,0,3,0,0,0,0,0,0,"PARTO_B6","PARTO","B",6,"PARTO_B"
"PARTO_S1_6/20/2019_08:00:00_ARU",0,0,1,0,0,0,0,1,0,0,0,0,0,0,0,2,0,1,1,0,0,1,0,0,0,1,0,0,0,0,0,1,0,0,0,0,0,0,2,0,0,0,0,0,0,0,1,4,0,0,0,0,3,0,1,0,"PARTO_S1","PARTO","S",1,"PARTO_S"
"PARTO_S1_6/22/2019_03:45:00_ARU",0,1,0,0,0,0,0,0,0,0,0,0,0,0,0,1,0,0,1,0,0,0,0,0,0,2,0,0,0,0,0,1,0,0,0,0,0,0,1,0,0,0,0,0,0,0,0,5,0,0,0,1,0,0,0,0,"PARTO_S1","PARTO","S",1,"PARTO_S"
"PARTO_S1_7/16/2019_07:45:00_ARU",0,0,0,0,0,0,0,0,0,0,0,1,0,0,0,0,0,1,0,0,0,0,0,0,0,0,0,0,0,0,0,0,0,0,0,1,0,0,0,0,0,0,0,0,0,0,0,0,0,0,0,0,0,0,0,0,"PARTO_S1","PARTO","S",1,"PARTO_S"
"PARTO_S1_7/20/2019_06:00:00_ARU",0,0,0,0,0,0,0,0,0,0,0,2,0,0,0,0,0,0,0,0,0,0,0,0,0,0,0,0,0,0,0,0,0,0,0,0,0,0,0,0,0,0,0,0,0,0,0,1,0,0,0,0,0,0,0,0,"PARTO_S1","PARTO","S",1,"PARTO_S"
"PARTO_S1_7/26/2019_07:45:00_ARU",0,0,0,0,0,0,0,0,0,0,0,1,0,0,0,0,0,0,0,0,0,0,0,0,0,0,0,0,0,0,1,0,0,0,0,0,0,0,0,0,0,0,0,0,0,0,0,2,0,2,0,0,1,0,0,0,"PARTO_S1","PARTO","S",1,"PARTO_S"
"PARTO_S3_6/27/2019_06:00:00_ARU",0,0,0,0,0,0,0,0,0,0,0,0,0,0,0,3,0,3,0,0,0,0,0,0,0,0,0,0,0,0,0,1,0,0,0,0,0,0,0,0,0,0,0,0,0,0,0,3,0,0,0,0,2,0,0,0,"PARTO_S3","PARTO","S",3,"PARTO_S"
"PARTO_S3_7/2/2019_06:30:00_ARU",0,0,0,0,0,0,0,1,0,0,0,0,0,0,0,1,0,1,0,0,0,1,0,0,0,0,0,0,0,0,0,1,0,0,0,0,0,0,0,0,0,0,0,0,0,0,0,2,0,0,0,0,0,0,0,0,"PARTO_S3","PARTO","S",3,"PARTO_S"
"PARTO_S3_7/23/2019_07:30:00_ARU",0,0,0,0,0,0,0,0,0,0,0,1,0,0,0,0,0,0,0,0,0,0,0,0,0,1,0,0,0,0,1,1,0,0,0,1,0,0,0,0,0,0,0,0,0,0,0,0,0,0,0,0,1,0,0,0,"PARTO_S3","PARTO","S",3,"PARTO_S"
"PARTO_S3_7/26/2019_06:15:00_ARU",0,0,0,0,0,0,0,0,0,0,0,2,0,0,0,0,0,0,0,0,0,0,0,0,0,0,0,0,0,0,0,1,0,0,0,0,0,0,0,0,0,0,0,0,0,0,0,0,0,0,0,0,0,0,0,0,"PARTO_S3","PARTO","S",3,"PARTO_S"
"PARTO_S5_6/21/2019_05:15:00_ARU",0,0,0,0,0,0,0,0,0,0,0,2,0,0,0,0,0,2,0,0,0,0,0,0,0,1,0,0,0,0,0,0,0,0,0,0,0,0,1,0,0,0,0,0,0,0,0,2,0,0,0,0,5,0,1,0,"PARTO_S5","PARTO","S",5,"PARTO_S"
"PARTO_S5_6/26/2019_07:45:00_ARU",0,1,1,0,0,0,0,0,0,0,0,0,0,0,0,2,0,3,2,0,0,0,0,0,0,1,0,0,0,0,0,0,0,0,0,0,0,0,2,0,0,0,0,0,0,0,1,3,0,0,0,0,2,0,0,1,"PARTO_S5","PARTO","S",5,"PARTO_S"
"PARTO_S5_7/1/2019_04:15:00_ARU",0,0,0,0,0,0,0,0,0,0,0,0,0,0,0,2,0,3,0,0,0,1,0,0,0,2,0,0,0,0,0,1,0,0,0,0,0,0,1,0,0,0,0,0,0,0,0,3,0,0,0,1,2,0,0,1,"PARTO_S5","PARTO","S",5,"PARTO_S"
"PARTO_S5_7/24/2019_06:45:00_ARU",0,0,0,0,0,0,0,0,0,0,0,2,0,0,0,0,0,0,0,0,0,0,0,0,0,0,0,0,0,0,0,0,0,0,0,0,0,0,0,0,0,0,0,0,0,0,0,0,0,0,0,0,1,0,0,0,"PARTO_S5","PARTO","S",5,"PARTO_S"
"QUILL_A10_6/24/2019_05:15:00_ARU",3,0,0,0,0,0,0,0,0,0,0,0,0,0,0,0,0,0,0,0,0,0,0,0,0,0,0,0,0,0,0,0,0,0,0,0,0,0,0,0,0,0,0,0,0,0,0,0,0,0,0,0,0,0,0,0,"QUILL_A10","QUILL","A",10,"QUILL_A"
"QUILL_A10_6/28/2019_06:30:00_ARU",2,0,0,0,0,0,0,0,0,0,0,0,0,0,0,0,0,0,0,0,0,0,0,0,0,0,0,0,0,0,0,0,0,0,0,0,0,0,0,0,0,0,0,0,0,0,0,0,0,0,0,0,0,0,0,0,"QUILL_A10","QUILL","A",10,"QUILL_A"
"QUILL_A10_7/1/2019_04:30:00_ARU",1,0,0,0,0,0,0,0,0,0,0,0,0,0,0,0,0,0,0,0,0,0,0,0,0,0,0,0,0,0,0,0,0,0,0,1,0,0,0,0,0,0,0,0,1,0,0,0,0,0,0,0,0,0,0,0,"QUILL_A10","QUILL","A",10,"QUILL_A"
"QUILL_A10_8/9/2019_07:15:00_ARU",0,0,0,0,0,0,0,0,0,0,0,0,0,0,0,0,0,0,0,0,0,0,0,0,0,0,0,0,0,0,0,0,0,0,0,0,0,0,1,0,0,0,0,0,0,0,0,0,0,0,0,0,0,0,0,0,"QUILL_A10","QUILL","A",10,"QUILL_A"
"QUILL_A2_7/3/2019_05:30:00_ARU",0,1,0,0,0,0,0,0,0,0,0,0,0,1,0,0,0,0,0,0,0,0,0,0,0,0,0,0,0,0,0,0,0,0,0,0,0,0,0,0,0,0,0,0,0,0,0,0,0,1,0,0,0,0,0,0,"QUILL_A2","QUILL","A",2,"QUILL_A"
"QUILL_A2_8/7/2019_05:00:00_ARU",0,0,0,0,0,0,0,0,0,0,0,0,0,0,0,0,0,0,0,0,0,0,0,0,0,0,0,0,0,0,0,0,0,0,0,0,1,0,0,0,0,0,0,0,0,0,0,0,0,0,0,0,0,0,0,0,"QUILL_A2","QUILL","A",2,"QUILL_A"
"QUILL_A7_6/24/2019_06:45:00_ARU",0,0,0,0,0,0,0,0,0,0,0,0,0,0,1,0,0,0,0,0,0,0,0,0,0,0,0,0,0,0,0,2,0,0,0,0,0,0,0,0,0,0,0,0,1,0,0,0,0,0,0,0,0,0,0,0,"QUILL_A7","QUILL","A",7,"QUILL_A"
"QUILL_A7_6/28/2019_07:30:00_ARU",0,0,0,0,0,0,0,2,0,0,0,0,0,0,1,0,0,1,0,0,0,0,0,0,0,0,0,0,0,0,0,1,0,0,0,0,0,0,0,0,0,0,0,0,0,0,0,0,0,0,0,0,0,0,0,0,"QUILL_A7","QUILL","A",7,"QUILL_A"
"QUILL_A7_7/1/2019_06:30:00_ARU",0,0,0,0,0,0,0,0,0,0,0,0,0,0,1,0,0,2,0,0,0,0,0,0,0,0,0,0,0,0,0,1,0,0,0,0,0,0,0,0,0,0,0,0,0,0,0,0,0,0,0,0,0,0,0,0,"QUILL_A7","QUILL","A",7,"QUILL_A"
"QUILL_A7_7/2/2019_07:15:00_ARU",0,0,0,0,0,0,0,0,0,0,0,0,0,0,0,0,0,0,0,0,0,0,0,0,0,0,0,0,0,0,0,1,0,0,0,0,0,0,0,0,0,0,0,0,1,0,0,3,0,0,0,0,0,0,0,0,"QUILL_A7","QUILL","A",7,"QUILL_A"
"QUILL_A9_6/28/2019_04:15:00_ARU",0,0,0,0,0,0,0,0,0,0,0,0,0,0,0,0,0,0,0,0,0,0,0,0,0,0,0,0,0,0,0,0,0,0,0,0,0,0,0,0,0,0,0,0,1,0,0,1,0,0,0,0,0,0,0,0,"QUILL_A9","QUILL","A",9,"QUILL_A"
"QUILL_A9_7/1/2019_04:30:00_ARU",0,0,0,0,0,0,0,0,0,0,0,0,0,0,0,0,0,1,0,0,0,0,0,0,0,0,0,0,0,0,0,0,0,0,0,0,0,0,0,0,0,0,0,0,1,0,0,2,0,0,0,0,0,0,0,0,"QUILL_A9","QUILL","A",9,"QUILL_A"
"QUILL_A9_7/2/2019_06:30:00_ARU",0,1,0,0,0,0,0,0,0,0,0,0,0,0,0,0,0,1,0,0,0,0,0,0,0,0,0,0,0,0,0,0,0,0,0,0,0,0,0,0,0,0,0,0,0,0,0,1,0,0,0,0,0,0,0,0,"QUILL_A9","QUILL","A",9,"QUILL_A"
"QUILL_S4_6/23/2019_07:45:00_ARU",0,0,0,0,0,0,0,0,0,0,0,0,0,0,0,0,0,0,0,0,0,1,0,0,0,0,0,0,0,0,0,1,0,0,0,0,0,0,0,0,0,0,0,0,0,0,0,0,0,0,0,0,0,0,0,0,"QUILL_S4","QUILL","S",4,"QUILL_S"
"QUILL_S4_7/1/2019_03:45:00_ARU",0,0,0,0,0,0,0,0,0,0,0,0,0,2,0,0,0,0,0,0,0,1,0,0,0,0,0,0,0,0,0,0,0,0,0,0,0,0,0,0,0,0,0,0,0,0,1,0,0,0,0,0,0,0,0,0,"QUILL_S4","QUILL","S",4,"QUILL_S"
"QUILL_S4_7/2/2019_07:45:00_ARU",0,0,0,0,0,0,0,0,0,0,0,0,0,2,0,0,0,0,0,0,0,1,0,0,0,0,0,0,0,0,0,0,0,0,0,0,0,0,0,0,0,0,0,0,0,0,0,0,0,0,0,0,0,0,0,0,"QUILL_S4","QUILL","S",4,"QUILL_S"
"QUILL_S4_7/6/2019_05:45:00_ARU",0,0,0,0,0,0,0,0,0,0,0,0,0,1,0,0,0,0,0,0,0,0,0,0,0,0,0,0,0,0,0,0,0,0,0,0,0,0,0,0,0,0,0,0,0,0,0,0,0,0,0,0,0,0,0,0,"QUILL_S4","QUILL","S",4,"QUILL_S"
"QUILL_S6_6/23/2019_08:00:00_ARU",0,0,0,0,0,0,0,0,0,0,0,0,0,2,0,0,0,0,0,0,0,2,0,0,0,0,0,0,0,0,0,0,0,0,0,0,0,0,0,0,0,0,0,0,0,0,0,0,0,0,0,0,0,0,0,0,"QUILL_S6","QUILL","S",6,"QUILL_S"
"QUILL_S6_6/24/2019_06:30:00_ARU",0,0,0,0,0,0,0,0,0,0,0,0,0,1,0,0,0,0,0,0,0,1,0,0,0,0,0,0,0,0,0,0,0,0,0,0,0,0,0,0,0,0,0,0,0,0,0,0,0,0,0,0,0,0,0,0,"QUILL_S6","QUILL","S",6,"QUILL_S"
"QUILL_S6_7/4/2019_05:45:00_ARU",0,0,0,0,0,0,0,0,0,0,0,0,0,1,0,0,0,0,0,0,0,1,0,0,0,0,0,0,0,0,0,0,0,0,0,0,0,0,0,0,0,0,0,0,0,0,0,0,0,0,0,0,1,0,0,0,"QUILL_S6","QUILL","S",6,"QUILL_S"
"QUILL_S6_7/5/2019_05:30:00_ARU",0,0,0,0,0,0,0,0,0,0,0,0,0,1,0,0,0,0,0,0,0,2,0,0,0,0,0,0,0,0,0,0,0,0,0,0,0,0,0,0,0,0,0,0,0,0,0,0,0,0,0,0,0,0,0,0,"QUILL_S6","QUILL","S",6,"QUILL_S"
"QUILL_S8_6/24/2019_08:00:00_ARU",0,0,0,0,0,0,0,0,0,0,0,0,0,5,0,0,0,0,0,0,0,2,0,0,0,0,0,0,0,0,0,1,0,0,0,0,0,0,0,0,0,0,0,0,0,0,0,0,0,0,0,0,1,0,0,0,"QUILL_S8","QUILL","S",8,"QUILL_S"
"QUILL_S8_6/28/2019_06:45:00_ARU",0,0,0,0,0,0,0,0,0,0,0,0,0,3,0,0,0,0,0,0,0,2,0,0,0,0,0,0,0,0,0,1,0,0,0,0,0,0,0,0,0,0,0,0,0,0,0,0,0,0,0,0,0,0,0,0,"QUILL_S8","QUILL","S",8,"QUILL_S"
"QUILL_S8_6/29/2019_07:00:00_ARU",0,0,0,0,0,0,0,0,0,0,0,0,0,4,0,0,0,0,0,0,0,2,0,0,0,0,0,0,0,0,0,1,0,0,0,0,0,0,0,0,0,0,0,0,0,0,0,0,0,0,0,0,0,0,0,0,"QUILL_S8","QUILL","S",8,"QUILL_S"
"QUILL_S8_7/3/2019_05:15:00_ARU",0,0,0,0,0,0,0,0,0,0,0,0,0,2,0,0,0,0,0,0,0,2,0,0,0,0,0,0,0,0,0,2,0,0,0,0,0,0,0,0,0,0,0,0,0,0,0,0,0,0,0,0,0,0,0,0,"QUILL_S8","QUILL","S",8,"QUILL_S"
"QUILL_S8_8/8/2019_07:45:00_ARU",0,0,0,0,0,0,0,0,0,0,0,0,0,0,1,0,0,0,0,0,0,0,0,0,0,0,0,0,0,0,0,0,0,0,0,0,0,0,0,0,0,0,0,0,0,0,0,0,0,0,0,0,0,0,0,0,"QUILL_S8","QUILL","S",8,"QUILL_S"
"ROCK_A1_7/14/2019_06:45:00_ARU",0,0,0,0,0,0,0,0,0,0,0,0,0,0,0,0,0,0,0,0,0,1,0,0,0,0,0,0,0,0,0,0,0,0,0,2,0,0,0,0,0,0,0,0,0,0,0,0,0,0,0,0,0,0,0,0,"ROCK_A1","ROCK","A",1,"ROCK_A"
"ROCK_A1_7/16/2019_04:15:00_ARU",0,0,0,0,0,0,0,0,0,0,0,0,0,0,0,0,0,0,0,0,0,0,0,0,0,0,0,0,0,0,0,0,0,0,0,2,0,0,0,0,0,0,0,0,0,0,0,0,0,0,0,0,0,0,0,0,"ROCK_A1","ROCK","A",1,"ROCK_A"
"ROCK_A2_7/11/2019_07:00:00_ARU",0,0,0,0,0,0,0,0,0,0,0,0,0,0,0,0,0,0,0,0,0,0,1,0,0,0,0,0,0,0,0,0,0,0,0,0,0,0,0,0,0,0,0,0,0,0,0,0,0,0,0,0,0,0,0,0,"ROCK_A2","ROCK","A",2,"ROCK_A"
"ROCK_A3_7/11/2019_04:30:00_ARU",0,0,0,0,0,0,0,0,0,0,0,0,0,0,0,0,0,2,0,0,0,0,0,0,0,0,0,0,0,0,0,0,0,0,0,0,0,0,0,0,0,0,0,0,0,0,0,1,0,0,0,0,0,0,0,0,"ROCK_A3","ROCK","A",3,"ROCK_A"
"ROCK_A3_7/13/2019_05:15:00_ARU",0,0,0,0,0,0,0,0,0,0,0,0,0,0,0,0,0,0,0,0,0,0,0,0,0,0,0,0,0,0,0,0,0,0,0,0,0,0,1,0,0,0,0,0,0,0,0,0,0,0,0,0,0,0,0,0,"ROCK_A3","ROCK","A",3,"ROCK_A"
"ROCK_A3_7/9/2019_07:15:00_ARU",0,0,0,0,0,0,0,0,0,0,0,0,0,0,0,0,0,1,0,0,0,0,0,0,0,0,0,0,0,0,0,0,0,0,0,0,0,0,3,0,0,0,0,0,0,0,0,0,0,0,0,0,0,0,0,0,"ROCK_A3","ROCK","A",3,"ROCK_A"
"ROCK_B1_7/13/2019_05:00:00_ARU",0,0,0,0,0,0,0,0,0,0,0,0,0,0,0,0,0,0,0,0,0,0,0,0,0,0,0,0,0,0,0,0,0,0,0,0,0,0,0,0,0,0,0,0,0,0,0,0,0,2,0,0,0,0,0,0,"ROCK_B1","ROCK","B",1,"ROCK_B"
"ROCK_B1_7/16/2019_04:30:00_ARU",0,0,0,0,0,0,0,0,0,0,0,0,0,0,0,0,0,0,0,0,0,0,0,0,0,0,0,0,0,0,0,0,0,0,0,0,0,0,0,0,0,0,1,0,0,0,0,0,0,0,0,0,0,0,0,0,"ROCK_B1","ROCK","B",1,"ROCK_B"
"ROCK_B1_7/17/2019_08:00:00_ARU",0,0,0,0,0,0,0,0,0,0,0,0,0,0,0,0,0,0,0,0,0,0,0,0,0,0,0,0,0,0,0,0,0,0,0,1,0,0,0,0,0,0,0,0,0,0,0,0,0,3,0,0,0,0,0,0,"ROCK_B1","ROCK","B",1,"ROCK_B"
"ROCK_B1_7/21/2019_06:15:00_ARU",0,0,0,0,0,0,0,0,0,0,0,0,0,0,0,0,0,0,0,0,0,0,0,0,0,0,0,0,0,0,0,0,0,0,0,2,0,0,0,0,0,0,0,0,0,0,0,0,0,1,0,0,0,0,0,0,"ROCK_B1","ROCK","B",1,"ROCK_B"
"ROCK_B2_7/14/2019_07:15:00_ARU",0,0,0,0,0,0,0,0,0,0,0,0,0,0,0,0,0,0,0,0,0,0,0,0,0,0,0,0,0,0,0,0,0,0,0,0,0,0,0,0,0,0,0,0,0,0,0,0,0,2,0,0,0,0,0,0,"ROCK_B2","ROCK","B",2,"ROCK_B"
"ROCK_B2_7/19/2019_07:45:00_ARU",0,0,0,0,0,0,1,0,0,0,0,0,0,0,0,0,0,0,0,0,0,0,0,0,0,0,0,0,0,0,0,0,0,0,0,1,0,0,0,0,0,0,0,0,0,0,0,0,0,2,0,0,0,0,0,0,"ROCK_B2","ROCK","B",2,"ROCK_B"
"ROCK_B3_7/21/2019_07:15:00_ARU",0,0,0,0,0,0,0,0,0,0,0,0,0,0,0,0,0,0,0,0,0,0,0,0,0,0,0,0,0,0,0,0,0,0,0,0,0,0,0,0,0,0,0,0,0,0,0,0,0,1,0,0,0,0,0,0,"ROCK_B3","ROCK","B",3,"ROCK_B"
"ROCK_B3_7/9/2019_04:45:00_ARU",0,0,0,0,0,0,0,0,0,0,0,0,0,1,0,0,0,0,0,0,0,0,0,0,0,0,0,0,0,0,0,0,0,0,0,0,0,0,0,0,0,0,0,0,0,0,0,0,0,2,0,0,0,0,0,0,"ROCK_B3","ROCK","B",3,"ROCK_B"
"ROCK_S1_7/10/2019_06:15:00_ARU",0,0,0,0,0,0,0,0,0,1,0,1,0,0,1,0,0,0,0,0,0,2,0,0,0,0,0,0,0,0,0,0,0,0,0,0,0,0,0,0,0,0,1,0,0,0,0,0,0,0,0,0,2,0,0,0,"ROCK_S1","ROCK","S",1,"ROCK_S"
"ROCK_S1_7/13/2019_06:45:00_ARU",0,0,0,0,0,0,0,0,0,0,0,0,0,1,2,0,0,0,0,0,0,1,0,0,0,0,0,0,0,0,0,0,0,0,0,1,0,0,0,0,0,0,0,0,0,0,0,0,0,0,0,0,0,0,0,0,"ROCK_S1","ROCK","S",1,"ROCK_S"
"ROCK_S1_7/14/2019_07:15:00_ARU",0,0,0,0,0,0,0,0,0,0,0,0,0,1,1,0,0,0,0,0,0,1,0,0,0,0,0,0,0,0,0,0,0,0,0,2,0,0,0,0,0,0,0,0,0,0,0,0,0,0,0,0,0,0,0,0,"ROCK_S1","ROCK","S",1,"ROCK_S"
"ROCK_S2_7/10/2019_06:00:00_ARU",0,0,0,0,0,0,2,0,0,0,0,0,0,0,0,0,0,0,0,0,0,0,0,0,0,0,0,0,0,0,0,0,0,0,0,2,0,0,0,0,0,0,3,0,0,0,0,0,0,1,0,0,0,0,0,0,"ROCK_S2","ROCK","S",2,"ROCK_S"
"ROCK_S2_7/15/2019_03:30:00_ARU",0,0,0,0,0,0,0,0,0,0,0,0,0,0,0,0,0,0,0,0,0,1,0,0,0,0,0,0,0,0,0,0,0,0,0,0,0,0,0,0,0,0,0,0,0,0,0,0,0,0,0,0,0,0,0,0,"ROCK_S2","ROCK","S",2,"ROCK_S"
"ROCK_S2_7/17/2019_07:00:00_ARU",0,0,0,0,0,0,0,0,0,0,0,0,0,0,0,0,0,0,0,0,1,0,0,0,0,0,0,0,0,0,0,0,0,0,0,0,0,2,0,0,0,0,0,0,0,0,0,0,0,2,0,0,0,0,1,0,"ROCK_S2","ROCK","S",2,"ROCK_S"
"ROCK_S3_7/13/2019_05:15:00_ARU",0,0,0,0,0,0,0,0,0,0,0,1,0,0,0,0,0,0,0,0,0,0,0,0,0,0,0,0,0,0,0,0,0,0,0,0,0,0,0,0,0,0,0,0,0,0,0,1,0,0,0,0,1,0,0,0,"ROCK_S3","ROCK","S",3,"ROCK_S"
"ROCK_S3_7/14/2019_04:30:00_ARU",0,0,0,0,0,0,0,0,0,0,0,0,0,1,0,0,0,1,0,0,0,1,0,0,0,0,0,0,0,0,0,0,0,0,0,0,0,0,0,0,0,0,0,0,0,0,0,0,0,0,0,0,0,0,0,0,"ROCK_S3","ROCK","S",3,"ROCK_S"
"ROCK_S3_7/19/2019_05:45:00_ARU",0,0,0,0,0,0,0,0,0,0,0,0,0,1,0,0,0,0,0,0,0,1,0,0,0,0,0,0,0,0,0,0,0,0,0,1,0,0,0,0,0,0,0,0,0,0,0,0,0,0,0,0,0,0,0,0,"ROCK_S3","ROCK","S",3,"ROCK_S"
"SUMAN_A2_7/10/2019_08:00:00_ARU",0,0,0,0,0,0,0,0,0,0,0,0,0,0,1,0,0,0,0,0,1,0,0,0,0,0,0,0,0,0,0,0,0,0,0,1,0,0,0,0,0,0,0,0,0,0,0,0,0,0,0,0,0,0,0,0,"SUMAN_A2","SUMAN","A",2,"SUMAN_A"
"SUMAN_A2_7/31/2019_06:00:00_ARU",0,0,0,0,0,0,0,0,0,0,0,0,0,0,0,0,0,0,0,0,0,0,0,0,0,0,0,0,0,0,0,0,0,0,0,1,0,0,0,0,0,0,0,0,0,0,0,0,0,1,0,0,0,0,0,0,"SUMAN_A2","SUMAN","A",2,"SUMAN_A"
"SUMAN_A2_7/6/2019_06:15:00_ARU",0,0,1,0,0,0,0,0,0,0,0,0,0,0,0,0,0,0,0,0,0,0,0,0,0,0,0,0,0,0,0,0,0,0,0,0,0,0,0,0,0,0,0,0,0,0,0,0,0,0,0,0,0,0,0,0,"SUMAN_A2","SUMAN","A",2,"SUMAN_A"
"SUMAN_A2_7/8/2019_07:30:00_ARU",0,0,0,0,0,0,0,0,0,0,0,0,0,0,0,0,0,0,0,0,0,0,0,0,0,0,0,0,0,0,0,0,0,0,0,1,0,0,0,0,0,0,0,0,0,0,0,2,0,0,0,0,0,0,0,0,"SUMAN_A2","SUMAN","A",2,"SUMAN_A"
"SUMAN_B2_7/12/2019_03:45:00_ARU",0,0,0,0,0,0,0,0,0,0,0,0,0,0,0,0,0,0,0,0,0,0,0,0,0,0,0,0,0,0,0,0,0,0,0,0,0,0,0,0,0,0,2,0,0,0,0,0,0,0,0,0,0,0,0,0,"SUMAN_B2","SUMAN","B",2,"SUMAN_B"
"SUMAN_B2_7/6/2019_04:45:00_ARU",0,0,0,0,0,0,0,0,1,0,0,0,0,0,0,0,0,0,0,0,0,0,0,0,0,0,0,0,0,0,0,0,0,0,0,0,0,0,0,0,0,0,1,0,0,0,0,0,0,0,0,0,0,0,1,0,"SUMAN_B2","SUMAN","B",2,"SUMAN_B"
"SUMAN_B2_7/8/2019_08:00:00_ARU",0,0,0,0,0,0,0,0,0,0,0,0,0,0,0,0,0,0,0,0,0,0,0,0,0,0,0,0,0,0,0,0,0,0,0,0,0,0,0,0,0,0,1,0,0,0,0,0,0,0,0,0,0,0,1,0,"SUMAN_B2","SUMAN","B",2,"SUMAN_B"
"SUMAN_B2_8/3/2019_05:45:00_ARU",0,0,0,0,0,0,0,0,0,0,0,0,0,1,0,0,0,0,0,0,0,0,0,0,0,0,0,0,0,0,0,0,0,0,0,0,0,0,0,0,0,0,0,0,0,0,0,0,0,1,0,0,0,0,0,0,"SUMAN_B2","SUMAN","B",2,"SUMAN_B"
"SUMAN_B3_7/10/2019_03:45:00_ARU",0,0,0,0,0,0,0,0,1,0,0,0,0,1,0,0,0,0,0,0,0,0,0,0,0,0,0,0,0,0,0,0,0,0,0,0,0,0,0,0,0,0,4,0,0,0,0,0,0,0,0,0,0,0,0,0,"SUMAN_B3","SUMAN","B",3,"SUMAN_B"
"SUMAN_B3_7/3/2019_04:30:00_ARU",0,0,0,0,2,0,0,0,1,0,0,0,0,2,0,0,0,0,0,0,0,0,0,0,0,0,0,0,0,0,1,0,0,0,0,0,0,0,0,0,0,0,3,0,0,0,0,0,0,0,0,0,0,0,0,0,"SUMAN_B3","SUMAN","B",3,"SUMAN_B"
"SUMAN_B3_7/6/2019_08:00:00_ARU",0,0,0,0,1,0,0,0,1,0,0,0,0,0,0,0,0,0,0,0,0,0,0,0,0,0,0,0,0,0,0,1,0,0,0,0,0,0,0,0,0,0,2,0,0,0,0,0,0,0,0,0,0,0,2,0,"SUMAN_B3","SUMAN","B",3,"SUMAN_B"
"SUMAN_B3_8/10/2019_08:00:00_ARU",0,0,0,0,0,0,0,0,0,0,0,0,0,0,0,0,0,0,0,0,0,0,0,0,0,0,0,0,0,0,0,0,0,0,0,0,0,0,0,0,0,0,0,0,0,0,0,0,0,1,0,0,1,0,0,0,"SUMAN_B3","SUMAN","B",3,"SUMAN_B"
"SUMAN_B3_8/13/2019_08:00:00_ARU",0,0,0,0,0,0,0,0,0,0,0,0,0,2,0,0,0,0,0,0,0,0,0,0,0,0,0,0,0,0,0,0,0,0,0,0,0,0,0,0,0,0,0,0,0,0,0,0,0,0,0,0,0,0,0,0,"SUMAN_B3","SUMAN","B",3,"SUMAN_B"
"SUMAN_B3_8/8/2019_06:15:00_ARU",0,0,0,0,0,0,1,0,0,0,0,0,0,0,0,0,0,0,0,0,1,0,0,0,0,0,0,0,0,0,0,0,0,0,0,0,0,0,0,0,0,0,0,0,0,0,0,0,0,0,0,0,0,0,0,0,"SUMAN_B3","SUMAN","B",3,"SUMAN_B"
"SUMAN_B6_7/3/2019_07:15:00_ARU",0,0,0,0,0,0,0,0,0,0,0,0,0,1,0,0,0,0,0,0,0,0,0,0,0,0,0,0,0,0,0,0,0,0,0,0,0,1,0,0,0,0,0,1,0,0,0,1,0,1,0,0,1,0,0,0,"SUMAN_B6","SUMAN","B",6,"SUMAN_B"
"SUMAN_B6_7/6/2019_05:00:00_ARU",0,0,0,0,0,0,0,0,0,0,0,0,0,2,0,0,0,0,0,0,0,0,0,0,0,0,0,0,0,0,0,0,0,0,0,1,0,1,0,0,0,0,2,1,0,0,0,0,0,1,0,0,0,0,0,0,"SUMAN_B6","SUMAN","B",6,"SUMAN_B"
"SUMAN_B6_7/9/2019_06:15:00_ARU",0,0,0,0,0,0,1,0,0,0,0,0,0,0,0,0,0,0,0,0,0,0,0,0,0,0,0,0,0,0,0,0,0,0,0,1,0,0,0,0,0,0,0,1,0,0,0,0,0,0,0,0,0,0,0,0,"SUMAN_B6","SUMAN","B",6,"SUMAN_B"
"SUMAN_S1_7/10/2019_04:45:00_ARU",0,0,0,0,0,0,0,0,0,0,0,0,0,2,0,0,0,0,0,0,0,0,0,0,0,0,0,0,0,0,0,1,0,0,0,0,0,0,0,0,0,0,0,0,0,0,0,0,0,0,0,0,0,0,0,0,"SUMAN_S1","SUMAN","S",1,"SUMAN_S"
"SUMAN_S1_7/28/2019_06:15:00_ARU",0,0,0,0,1,0,0,0,0,0,0,0,0,1,0,0,0,0,0,0,0,0,0,0,0,0,0,0,0,0,0,0,0,0,0,1,0,0,0,0,0,0,0,0,0,0,0,0,0,1,0,0,0,0,0,0,"SUMAN_S1","SUMAN","S",1,"SUMAN_S"
"SUMAN_S1_7/3/2019_03:30:00_ARU",0,0,0,0,0,0,0,0,0,0,0,0,0,2,4,0,0,0,0,0,0,0,0,0,0,0,0,0,0,0,0,0,0,0,0,0,0,0,0,0,0,0,1,0,0,0,0,1,0,0,0,0,0,0,0,0,"SUMAN_S1","SUMAN","S",1,"SUMAN_S"
"SUMAN_S1_7/7/2019_04:00:00_ARU",0,0,0,0,0,0,0,0,0,0,0,0,0,1,2,0,0,0,0,0,0,0,0,0,0,0,0,0,0,0,0,1,0,0,0,0,0,0,0,0,0,0,0,0,0,0,0,0,0,0,0,0,0,0,1,0,"SUMAN_S1","SUMAN","S",1,"SUMAN_S"
"SUMAN_S1_7/8/2019_04:15:00_ARU",0,0,0,0,0,0,0,0,0,0,0,0,0,1,3,0,0,0,0,0,0,0,0,0,0,0,0,0,0,0,0,1,0,0,0,0,0,0,0,0,0,0,0,1,0,0,0,0,0,0,0,0,0,0,1,0,"SUMAN_S1","SUMAN","S",1,"SUMAN_S"
"SUMAN_S1_8/4/2019_07:30:00_ARU",0,0,0,0,0,0,0,0,0,0,0,0,0,0,0,0,0,0,0,0,0,0,0,0,0,0,0,0,0,0,0,0,0,0,0,0,0,0,0,0,0,0,0,0,0,0,0,0,0,0,0,0,1,0,1,0,"SUMAN_S1","SUMAN","S",1,"SUMAN_S"
"SUMAN_S3_7/8/2019_07:45:00_ARU",0,0,0,0,0,0,0,0,0,0,1,0,0,1,0,0,0,0,0,0,0,1,0,0,0,0,0,0,0,0,0,0,0,0,0,0,0,0,0,0,0,0,0,0,0,0,0,0,0,0,0,0,0,0,0,0,"SUMAN_S3","SUMAN","S",3,"SUMAN_S"
"SUMAN_S5_6/30/2019_07:30:00_ARU",0,0,0,0,0,0,0,0,0,0,0,0,0,0,0,0,0,0,0,0,0,1,0,0,0,0,0,0,0,0,0,2,0,0,0,1,0,0,0,0,0,0,0,0,0,0,0,1,0,0,0,0,1,0,1,0,"SUMAN_S5","SUMAN","S",5,"SUMAN_S"
"SUMAN_S5_7/10/2019_06:45:00_ARU",0,0,0,0,0,0,0,0,1,0,0,0,0,1,0,0,0,0,0,0,0,3,0,0,0,0,0,0,0,0,0,0,0,0,0,1,0,0,0,0,0,0,0,0,0,0,0,0,0,0,0,0,0,0,0,0,"SUMAN_S5","SUMAN","S",5,"SUMAN_S"
"SUMAN_S5_7/5/2019_05:15:00_ARU",0,0,0,0,0,0,0,0,0,0,0,0,0,1,0,0,0,0,0,0,0,2,0,0,0,0,0,0,0,0,0,1,0,0,0,1,0,0,0,0,0,0,0,0,0,0,0,1,0,0,0,0,0,0,1,0,"SUMAN_S5","SUMAN","S",5,"SUMAN_S"
